{"@module": "beep.featurize", "@class": "DeltaQFastCharge", "name": "C:\\Users\\mattm\\Documents\\CalPoly\\DATA 451\\Practice Notebooks\\data-driven-prediction-of-battery-cycle-life-before-capacity-degradation\\data2\\data-share\\features\\DeltaQFastCharge\\b1_CH21_features_DeltaQFastCharge.json", "X": {"discharge_capacity_cycle_2": [1.0836138000000002], "max_discharge_capacity_difference": [0.002312399999999659], "discharge_capacity_cycle_100": [1.0766116000000001], "integrated_time_temperature_cycles_1:100": [2960.819973806557], "charge_time_cycles_1:5": [8.899999618530273], "abs_min_discharge_capacity_difference_cycles_2:100": [-0.015009921536770747], "abs_mean_discharge_capacity_difference_cycles_2:100": [-1.603860078303075], "abs_variance_discharge_capacity_difference_cycles_2:100": [-1.1234058057297065], "abs_skew_discharge_capacity_difference_cycles_2:100": [-0.7958960211438836], "abs_kurtosis_discharge_capacity_difference_cycles_2:100": [0.3897215983855102], "abs_first_discharge_capacity_difference_cycles_2:100": [-0.13446936375881696], "max_temperature_cycles_1:100": [37.61555862426758], "min_temperature_cycles_1:100": [29.94864273071289], "slope_discharge_capacity_cycle_number_2:100": [-8.505611626468632e-05], "intercept_discharge_capacity_cycle_number_2:100": [1.0864204431869722], "slope_discharge_capacity_cycle_number_91:100": [-0.00015724545454545057], "intercept_discharge_capacity_cycle_number_91:100": [1.0921625254545448], "min_internal_resistance_cycles_2:100": [0.014894895255565643], "internal_resistance_cycle_2": [0.015348774380981922], "internal_resistance_difference_cycles_2:100": [-0.00020380783826112747], "nominal_capacity_by_median": [1.0846464999999998]}, "metadata": {"barcode": null, "protocol": null, "channel_id": null, "parameters": {"init_pred_cycle": 10, "mid_pred_cycle": 91, "final_pred_cycle": 100, "n_nominal_cycles": 40}}, "@version": "2021.1.11.15"}