{"@module": "beep.featurize", "@class": "DeltaQFastCharge", "name": "/mnt/c/Users/sjrt1/Documents/School/Winter2021/DATA451/FastCharge/data-share/features/DeltaQFastCharge/FastCharge_000066_CH26_features_DeltaQFastCharge.json", "X": {"discharge_capacity_cycle_2": [1.0728924], "max_discharge_capacity_difference": [0.6052755000000001], "discharge_capacity_cycle_100": [1.0780842], "integrated_time_temperature_cycles_1:100": [219234.933199056], "charge_time_cycles_1:5": [768.0], "abs_min_discharge_capacity_difference_cycles_2:100": [-1.5379408281222742], "abs_mean_discharge_capacity_difference_cycles_2:100": [-1.851040003987386], "abs_variance_discharge_capacity_difference_cycles_2:100": [-3.8028758814399617], "abs_skew_discharge_capacity_difference_cycles_2:100": [-0.9744187281731828], "abs_kurtosis_discharge_capacity_difference_cycles_2:100": [0.2764599718316923], "abs_first_discharge_capacity_difference_cycles_2:100": [-1.6373218789182324], "max_temperature_cycles_1:100": [38.67087173461914], "min_temperature_cycles_1:100": [30.400667190551758], "slope_discharge_capacity_cycle_number_2:100": [4.619589363014205e-06], "intercept_discharge_capacity_cycle_number_2:100": [1.078564874067202], "slope_discharge_capacity_cycle_number_91:100": [-2.9198787878809575e-05], "intercept_discharge_capacity_cycle_number_91:100": [1.0810031054545473], "min_internal_resistance_cycles_2:100": [0.016397863626480103], "internal_resistance_cycle_2": [0.016744760796427727], "internal_resistance_difference_cycles_2:100": [-5.858205258846283e-05], "nominal_capacity_by_median": [1.0791806]}, "metadata": {"barcode": "EL150800460617", "protocol": "2017-05-12_TESTS\\20170512-6C-40PER_3C.SDU", "channel_id": 25, "parameters": {"init_pred_cycle": 10, "mid_pred_cycle": 91, "final_pred_cycle": 100, "n_nominal_cycles": 40}}, "@version": "2021.1.11.15"}