{"@module": "beep.featurize", "@class": "DeltaQFastCharge", "name": "/mnt/c/Users/sjrt1/Documents/School/Winter2021/DATA451/FastCharge/data-share/features/DeltaQFastCharge/FastCharge_000015_CH44_features_DeltaQFastCharge.json", "X": {"discharge_capacity_cycle_2": [1.0626153], "max_discharge_capacity_difference": [0.49578259999999985], "discharge_capacity_cycle_100": [1.0632573], "integrated_time_temperature_cycles_1:100": [210614.048828125], "charge_time_cycles_1:5": [563.2000122070312], "abs_min_discharge_capacity_difference_cycles_2:100": [-1.6466338756854206], "abs_mean_discharge_capacity_difference_cycles_2:100": [-2.0114736761804957], "abs_variance_discharge_capacity_difference_cycles_2:100": [-4.000416388865177], "abs_skew_discharge_capacity_difference_cycles_2:100": [-0.75772263956957], "abs_kurtosis_discharge_capacity_difference_cycles_2:100": [0.2622928805965774], "abs_first_discharge_capacity_difference_cycles_2:100": [-1.7082178929025509], "max_temperature_cycles_1:100": [39.08673095703125], "min_temperature_cycles_1:100": [31.76124382019043], "slope_discharge_capacity_cycle_number_2:100": [-1.7606017316020532e-05], "intercept_discharge_capacity_cycle_number_2:100": [1.0653733998556996], "slope_discharge_capacity_cycle_number_91:100": [-4.4398787878797954e-05], "intercept_discharge_capacity_cycle_number_91:100": [1.0676734854545462], "min_internal_resistance_cycles_2:100": [0.015308048576116562], "internal_resistance_cycle_2": [0.015503207221627235], "internal_resistance_difference_cycles_2:100": [-0.00011511053889989853], "nominal_capacity_by_median": [1.0652664]}, "metadata": {"barcode": "el150800739477", "protocol": "2018-04-12_batch8\\20180412-5_6C_19per_4_6C_newstructure.sdu", "channel_id": 43, "parameters": {"init_pred_cycle": 10, "mid_pred_cycle": 91, "final_pred_cycle": 100, "n_nominal_cycles": 40}}, "@version": "2021.1.11.15"}