{"@module": "beep.featurize", "@class": "DeltaQFastCharge", "name": "/mnt/c/Users/sjrt1/Documents/School/Winter2021/DATA451/FastCharge/data-share/features/DeltaQFastCharge/FastCharge_000025_CH7_features_DeltaQFastCharge.json", "X": {"discharge_capacity_cycle_2": [1.0736028999999998], "max_discharge_capacity_difference": [0.5953994999999999], "discharge_capacity_cycle_100": [1.0797876], "integrated_time_temperature_cycles_1:100": [178860.22826334633], "charge_time_cycles_1:5": [691.2000122070312], "abs_min_discharge_capacity_difference_cycles_2:100": [-1.5945549302291133], "abs_mean_discharge_capacity_difference_cycles_2:100": [-1.9399970619768738], "abs_variance_discharge_capacity_difference_cycles_2:100": [-3.9350496940486996], "abs_skew_discharge_capacity_difference_cycles_2:100": [-1.3791558960864416], "abs_kurtosis_discharge_capacity_difference_cycles_2:100": [0.2608662940838224], "abs_first_discharge_capacity_difference_cycles_2:100": [-1.6419684934793848], "max_temperature_cycles_1:100": [34.654666900634766], "min_temperature_cycles_1:100": [28.914812088012695], "slope_discharge_capacity_cycle_number_2:100": [1.5642807668518312e-05], "intercept_discharge_capacity_cycle_number_2:100": [1.0794829141620281], "slope_discharge_capacity_cycle_number_91:100": [-2.370787878789126e-05], "intercept_discharge_capacity_cycle_number_91:100": [1.0821279945454554], "min_internal_resistance_cycles_2:100": [0.01592278480529785], "internal_resistance_cycle_2": [0.016548700630664825], "internal_resistance_difference_cycles_2:100": [-0.00023642927408218384], "nominal_capacity_by_median": [1.08040555]}, "metadata": {"barcode": "EL150800464883", "protocol": "2017-05-12_TESTS\\20170512-4_4C-80PER_4_4C.SDU", "channel_id": 6, "parameters": {"init_pred_cycle": 10, "mid_pred_cycle": 91, "final_pred_cycle": 100, "n_nominal_cycles": 40}}, "@version": "2021.1.11.15"}