{"@module": "beep.featurize", "@class": "DeltaQFastCharge", "name": "/mnt/c/Users/sjrt1/Documents/School/Winter2021/DATA451/FastCharge/data-share/features/DeltaQFastCharge/FastCharge_000015_CH12_features_DeltaQFastCharge.json", "X": {"discharge_capacity_cycle_2": [1.0600003999999998], "max_discharge_capacity_difference": [0.49633150000000015], "discharge_capacity_cycle_100": [1.0608583999999999], "integrated_time_temperature_cycles_1:100": [161852.12603603373], "charge_time_cycles_1:5": [588.7999877929688], "abs_min_discharge_capacity_difference_cycles_2:100": [-1.759736798991718], "abs_mean_discharge_capacity_difference_cycles_2:100": [-2.1541613544572753], "abs_variance_discharge_capacity_difference_cycles_2:100": [-4.387570539190021], "abs_skew_discharge_capacity_difference_cycles_2:100": [-1.824927810562997], "abs_kurtosis_discharge_capacity_difference_cycles_2:100": [0.24995013585786002], "abs_first_discharge_capacity_difference_cycles_2:100": [-1.9530379779270604], "max_temperature_cycles_1:100": [41.51066207885742], "min_temperature_cycles_1:100": [31.907529830932617], "slope_discharge_capacity_cycle_number_2:100": [-1.8231830550407087e-05], "intercept_discharge_capacity_cycle_number_2:100": [1.0629789137497418], "slope_discharge_capacity_cycle_number_91:100": [-5.743515151509392e-05], "intercept_discharge_capacity_cycle_number_91:100": [1.0664623018181756], "min_internal_resistance_cycles_2:100": [0.014437578618526459], "internal_resistance_cycle_2": [0.014914118684828281], "internal_resistance_difference_cycles_2:100": [-0.00042281951755285263], "nominal_capacity_by_median": [1.06281925]}, "metadata": {"barcode": "el150800737294", "protocol": "2018-04-12_batch8\\20180412-5_6C_19per_4_6C_newstructure.sdu", "channel_id": 11, "parameters": {"init_pred_cycle": 10, "mid_pred_cycle": 91, "final_pred_cycle": 100, "n_nominal_cycles": 40}}, "@version": "2021.1.11.15"}