{"@module": "beep.featurize", "@class": "DeltaQFastCharge", "name": "/mnt/c/Users/sjrt1/Documents/School/Winter2021/DATA451/FastCharge/data-share/features/DeltaQFastCharge/FastCharge_000020_CH23_features_DeltaQFastCharge.json", "X": {"discharge_capacity_cycle_2": [1.0713947], "max_discharge_capacity_difference": [0.8985588], "discharge_capacity_cycle_100": [1.0711476], "integrated_time_temperature_cycles_1:100": [229397.7352294922], "charge_time_cycles_1:5": [614.4000244140625], "abs_min_discharge_capacity_difference_cycles_2:100": [-1.1993296087798695], "abs_mean_discharge_capacity_difference_cycles_2:100": [-1.5094192804011546], "abs_variance_discharge_capacity_difference_cycles_2:100": [-3.10225612527647], "abs_skew_discharge_capacity_difference_cycles_2:100": [-1.0803022348007911], "abs_kurtosis_discharge_capacity_difference_cycles_2:100": [0.2831110245746787], "abs_first_discharge_capacity_difference_cycles_2:100": [-1.2683251574403855], "max_temperature_cycles_1:100": [36.93468475341797], "min_temperature_cycles_1:100": [29.381732940673828], "slope_discharge_capacity_cycle_number_2:100": [-6.153575633890455e-05], "intercept_discharge_capacity_cycle_number_2:100": [1.0785834494331066], "slope_discharge_capacity_cycle_number_91:100": [-0.00015128787878785873], "intercept_discharge_capacity_cycle_number_91:100": [1.0862172745454524], "min_internal_resistance_cycles_2:100": [0.016902970150113106], "internal_resistance_cycle_2": [0.017842700704932213], "internal_resistance_difference_cycles_2:100": [-0.0006769094616174698], "nominal_capacity_by_median": [1.0775663]}, "metadata": {"barcode": "el150800460501", "protocol": "2017-06-30_tests\\20170630-4_65C_69per_6C.sdu", "channel_id": 22, "parameters": {"init_pred_cycle": 10, "mid_pred_cycle": 91, "final_pred_cycle": 100, "n_nominal_cycles": 40}}, "@version": "2021.1.11.15"}