{"@module": "beep.featurize", "@class": "DeltaQFastCharge", "name": "/mnt/c/Users/sjrt1/Documents/School/Winter2021/DATA451/FastCharge/data-share/features/DeltaQFastCharge/FastCharge_000027_CH31_features_DeltaQFastCharge.json", "X": {"discharge_capacity_cycle_2": [1.0634685], "max_discharge_capacity_difference": [0.8797888], "discharge_capacity_cycle_100": [1.0712727], "integrated_time_temperature_cycles_1:100": [230482.23899739585], "charge_time_cycles_1:5": [588.7999877929688], "abs_min_discharge_capacity_difference_cycles_2:100": [-1.3129981964622592], "abs_mean_discharge_capacity_difference_cycles_2:100": [-1.6357687357158461], "abs_variance_discharge_capacity_difference_cycles_2:100": [-3.3374752388345637], "abs_skew_discharge_capacity_difference_cycles_2:100": [-1.4790526469431926], "abs_kurtosis_discharge_capacity_difference_cycles_2:100": [0.27838790134092245], "abs_first_discharge_capacity_difference_cycles_2:100": [-1.3855742474389765], "max_temperature_cycles_1:100": [37.10179901123047], "min_temperature_cycles_1:100": [29.61343765258789], "slope_discharge_capacity_cycle_number_2:100": [1.4278664192944958e-05], "intercept_discharge_capacity_cycle_number_2:100": [1.0713587011337866], "slope_discharge_capacity_cycle_number_91:100": [-6.567212121211947e-05], "intercept_discharge_capacity_cycle_number_91:100": [1.0777954054545447], "min_internal_resistance_cycles_2:100": [0.017394017428159714], "internal_resistance_cycle_2": [0.01787739433348179], "internal_resistance_difference_cycles_2:100": [-0.00044450536370277405], "nominal_capacity_by_median": [1.0723178999999998]}, "metadata": {"barcode": "el150800460527", "protocol": "2017-06-30_tests\\20170630-5_2C_10per_4_75C.sdu", "channel_id": 30, "parameters": {"init_pred_cycle": 10, "mid_pred_cycle": 91, "final_pred_cycle": 100, "n_nominal_cycles": 40}}, "@version": "2021.1.11.15"}