{"@module": "beep.featurize", "@class": "DeltaQFastCharge", "name": "/mnt/c/Users/sjrt1/Documents/School/Winter2021/DATA451/FastCharge/data-share/features/DeltaQFastCharge/FastCharge_000035_CH12_features_DeltaQFastCharge.json", "X": {"discharge_capacity_cycle_2": [1.0638535], "max_discharge_capacity_difference": [0.8883787000000001], "discharge_capacity_cycle_100": [1.0474256], "integrated_time_temperature_cycles_1:100": [236232.81997477217], "charge_time_cycles_1:5": [640.0], "abs_min_discharge_capacity_difference_cycles_2:100": [-0.9753509611041143], "abs_mean_discharge_capacity_difference_cycles_2:100": [-1.2691067695230815], "abs_variance_discharge_capacity_difference_cycles_2:100": [-2.61521153867992], "abs_skew_discharge_capacity_difference_cycles_2:100": [-1.0831261132565708], "abs_kurtosis_discharge_capacity_difference_cycles_2:100": [0.2889699249381721], "abs_first_discharge_capacity_difference_cycles_2:100": [-1.0251211385633445], "max_temperature_cycles_1:100": [39.80894088745117], "min_temperature_cycles_1:100": [29.275243759155273], "slope_discharge_capacity_cycle_number_2:100": [-0.00022037355473099126], "intercept_discharge_capacity_cycle_number_2:100": [1.0721160575345288], "slope_discharge_capacity_cycle_number_91:100": [-0.0003882503030303295], "intercept_discharge_capacity_cycle_number_91:100": [1.085534103636366], "min_internal_resistance_cycles_2:100": [0.015852956101298332], "internal_resistance_cycle_2": [0.017053859308362007], "internal_resistance_difference_cycles_2:100": [-0.0006873868405818939], "nominal_capacity_by_median": [1.0677395500000002]}, "metadata": {"barcode": "el150800460673", "protocol": "2017-06-30_tests\\20170629-2C_7per_5_5C.sdu", "channel_id": 11, "parameters": {"init_pred_cycle": 10, "mid_pred_cycle": 91, "final_pred_cycle": 100, "n_nominal_cycles": 40}}, "@version": "2021.1.11.15"}