{"@module": "beep.featurize", "@class": "DeltaQFastCharge", "name": "/mnt/c/Users/sjrt1/Documents/School/Winter2021/DATA451/FastCharge/data-share/features/DeltaQFastCharge/FastCharge_000034_CH27_features_DeltaQFastCharge.json", "X": {"discharge_capacity_cycle_2": [1.0680432], "max_discharge_capacity_difference": [0.8829996], "discharge_capacity_cycle_100": [1.0708355], "integrated_time_temperature_cycles_1:100": [234480.80718994144], "charge_time_cycles_1:5": [588.7999877929688], "abs_min_discharge_capacity_difference_cycles_2:100": [-1.2882856191912442], "abs_mean_discharge_capacity_difference_cycles_2:100": [-1.6199336026904592], "abs_variance_discharge_capacity_difference_cycles_2:100": [-3.292127984928669], "abs_skew_discharge_capacity_difference_cycles_2:100": [-3.063566786207757], "abs_kurtosis_discharge_capacity_difference_cycles_2:100": [0.2752498084418834], "abs_first_discharge_capacity_difference_cycles_2:100": [-1.3446468179806015], "max_temperature_cycles_1:100": [38.132205963134766], "min_temperature_cycles_1:100": [30.125391006469727], "slope_discharge_capacity_cycle_number_2:100": [-3.5436204081638644e-05], "intercept_discharge_capacity_cycle_number_2:100": [1.0759574213151928], "slope_discharge_capacity_cycle_number_91:100": [-0.00012215212121209233], "intercept_discharge_capacity_cycle_number_91:100": [1.0828663054545424], "min_internal_resistance_cycles_2:100": [0.017036082223057747], "internal_resistance_cycle_2": [0.01774737797677517], "internal_resistance_difference_cycles_2:100": [-0.0006938222795724869], "nominal_capacity_by_median": [1.07559665]}, "metadata": {"barcode": "el150800460466", "protocol": "2017-06-30_tests\\20170630-4C_13per_5C.sdu", "channel_id": 26, "parameters": {"init_pred_cycle": 10, "mid_pred_cycle": 91, "final_pred_cycle": 100, "n_nominal_cycles": 40}}, "@version": "2021.1.11.15"}