{"@module": "beep.featurize", "@class": "DeltaQFastCharge", "name": "/mnt/c/Users/sjrt1/Documents/School/Winter2021/DATA451/FastCharge/data-share/features/DeltaQFastCharge/FastCharge_000045_CH3_features_DeltaQFastCharge.json", "X": {"discharge_capacity_cycle_2": [1.0773673000000001], "max_discharge_capacity_difference": [0.6111713999999997], "discharge_capacity_cycle_100": [1.0849537], "integrated_time_temperature_cycles_1:100": [188992.23017171223], "charge_time_cycles_1:5": [768.0], "abs_min_discharge_capacity_difference_cycles_2:100": [-1.8054493408711114], "abs_mean_discharge_capacity_difference_cycles_2:100": [-2.2531138724116953], "abs_variance_discharge_capacity_difference_cycles_2:100": [-4.579193427993458], "abs_skew_discharge_capacity_difference_cycles_2:100": [-0.6910883018931255], "abs_kurtosis_discharge_capacity_difference_cycles_2:100": [0.1531718665258584], "abs_first_discharge_capacity_difference_cycles_2:100": [-2.1555143031575406], "max_temperature_cycles_1:100": [35.127342224121094], "min_temperature_cycles_1:100": [29.26944351196289], "slope_discharge_capacity_cycle_number_2:100": [1.541288930116841e-05], "intercept_discharge_capacity_cycle_number_2:100": [1.084524056545042], "slope_discharge_capacity_cycle_number_91:100": [-3.9137575757557145e-05], "intercept_discharge_capacity_cycle_number_91:100": [1.088877870909089], "min_internal_resistance_cycles_2:100": [0.016613183543086052], "internal_resistance_cycle_2": [0.01696062460541725], "internal_resistance_difference_cycles_2:100": [-0.00011822953820228577], "nominal_capacity_by_median": [1.0856759]}, "metadata": {"barcode": "EL150800460623", "protocol": "2017-05-12_TESTS\\20170512-3_6C-80PER_3_6C.SDU", "channel_id": 2, "parameters": {"init_pred_cycle": 10, "mid_pred_cycle": 91, "final_pred_cycle": 100, "n_nominal_cycles": 40}}, "@version": "2021.1.11.15"}