{"@module": "beep.featurize", "@class": "DeltaQFastCharge", "name": "/mnt/c/Users/sjrt1/Documents/School/Winter2021/DATA451/FastCharge/data-share/features/DeltaQFastCharge/FastCharge_000050_CH32_features_DeltaQFastCharge.json", "X": {"discharge_capacity_cycle_2": [1.0551282], "max_discharge_capacity_difference": [0.5005892999999999], "discharge_capacity_cycle_100": [1.0570325], "integrated_time_temperature_cycles_1:100": [204157.41116129555], "charge_time_cycles_1:5": [588.7999877929688], "abs_min_discharge_capacity_difference_cycles_2:100": [-1.5526313887255196], "abs_mean_discharge_capacity_difference_cycles_2:100": [-1.9143191325184252], "abs_variance_discharge_capacity_difference_cycles_2:100": [-3.8352058611104916], "abs_skew_discharge_capacity_difference_cycles_2:100": [-0.8462130541189522], "abs_kurtosis_discharge_capacity_difference_cycles_2:100": [0.25871886134872435], "abs_first_discharge_capacity_difference_cycles_2:100": [-1.5789958775724495], "max_temperature_cycles_1:100": [37.973541259765625], "min_temperature_cycles_1:100": [31.405122756958008], "slope_discharge_capacity_cycle_number_2:100": [-1.338115027830212e-05], "intercept_discharge_capacity_cycle_number_2:100": [1.0588060373118946], "slope_discharge_capacity_cycle_number_91:100": [-4.199818181817762e-05], "intercept_discharge_capacity_cycle_number_91:100": [1.0612071781818178], "min_internal_resistance_cycles_2:100": [0.01561475545167923], "internal_resistance_cycle_2": [0.015919456258416176], "internal_resistance_difference_cycles_2:100": [-0.00020044296979904175], "nominal_capacity_by_median": [1.05886205]}, "metadata": {"barcode": "el150800737285", "protocol": "2018-04-12_batch8\\20180412-5_9C_60per_3_1C_newstructure.sdu", "channel_id": 31, "parameters": {"init_pred_cycle": 10, "mid_pred_cycle": 91, "final_pred_cycle": 100, "n_nominal_cycles": 40}}, "@version": "2021.1.11.15"}