{"@module": "beep.featurize", "@class": "DeltaQFastCharge", "name": "/mnt/c/Users/sjrt1/Documents/School/Winter2021/DATA451/FastCharge/data-share/features/DeltaQFastCharge/FastCharge_000058_CH45_features_DeltaQFastCharge.json", "X": {"discharge_capacity_cycle_2": [1.0771072], "max_discharge_capacity_difference": [0.6104904000000002], "discharge_capacity_cycle_100": [1.0832654], "integrated_time_temperature_cycles_1:100": [216443.42477653336], "charge_time_cycles_1:5": [665.5999755859375], "abs_min_discharge_capacity_difference_cycles_2:100": [-1.3604920030886787], "abs_mean_discharge_capacity_difference_cycles_2:100": [-1.67771541065468], "abs_variance_discharge_capacity_difference_cycles_2:100": [-3.445528243086656], "abs_skew_discharge_capacity_difference_cycles_2:100": [-1.0556289772310221], "abs_kurtosis_discharge_capacity_difference_cycles_2:100": [0.2788341341310869], "abs_first_discharge_capacity_difference_cycles_2:100": [-1.4280347646114744], "max_temperature_cycles_1:100": [38.397422790527344], "min_temperature_cycles_1:100": [30.125890731811523], "slope_discharge_capacity_cycle_number_2:100": [6.599329622752867e-06], "intercept_discharge_capacity_cycle_number_2:100": [1.0834968446299729], "slope_discharge_capacity_cycle_number_91:100": [-3.3211515151539e-05], "intercept_discharge_capacity_cycle_number_91:100": [1.0865551781818201], "min_internal_resistance_cycles_2:100": [0.016511114314198494], "internal_resistance_cycle_2": [0.01682332158088684], "internal_resistance_difference_cycles_2:100": [5.298107862472534e-05], "nominal_capacity_by_median": [1.0841055500000003]}, "metadata": {"barcode": "EL150800460618", "protocol": "2017-05-12_TESTS\\20170512-8C-25PER_3_6C.SDU", "channel_id": 44, "parameters": {"init_pred_cycle": 10, "mid_pred_cycle": 91, "final_pred_cycle": 100, "n_nominal_cycles": 40}}, "@version": "2021.1.11.15"}