{"@module": "beep.featurize", "@class": "DeltaQFastCharge", "name": "/mnt/c/Users/sjrt1/Documents/School/Winter2021/DATA451/FastCharge/data-share/features/DeltaQFastCharge/FastCharge_000038_CH13_features_DeltaQFastCharge.json", "X": {"discharge_capacity_cycle_2": [1.0692153], "max_discharge_capacity_difference": [0.8872389], "discharge_capacity_cycle_100": [1.0654062], "integrated_time_temperature_cycles_1:100": [233494.60409749352], "charge_time_cycles_1:5": [614.4000244140625], "abs_min_discharge_capacity_difference_cycles_2:100": [-1.1983098906327156], "abs_mean_discharge_capacity_difference_cycles_2:100": [-1.5082425919435956], "abs_variance_discharge_capacity_difference_cycles_2:100": [-3.0831544724718127], "abs_skew_discharge_capacity_difference_cycles_2:100": [-1.2194161894574589], "abs_kurtosis_discharge_capacity_difference_cycles_2:100": [0.28271848206092803], "abs_first_discharge_capacity_difference_cycles_2:100": [-1.2632541042623457], "max_temperature_cycles_1:100": [38.02289581298828], "min_temperature_cycles_1:100": [29.79493522644043], "slope_discharge_capacity_cycle_number_2:100": [-0.00010092903772418603], "intercept_discharge_capacity_cycle_number_2:100": [1.0769744973407547], "slope_discharge_capacity_cycle_number_91:100": [-0.0001787909090909518], "intercept_discharge_capacity_cycle_number_91:100": [1.0830892509090948], "min_internal_resistance_cycles_2:100": [0.015997787937521935], "internal_resistance_cycle_2": [0.0170302577316761], "internal_resistance_difference_cycles_2:100": [-0.000998217612504959], "nominal_capacity_by_median": [1.07514825]}, "metadata": {"barcode": "el150800460655", "protocol": "2017-06-30_tests\\20170630-3_6C_22per_5_5C.sdu", "channel_id": 12, "parameters": {"init_pred_cycle": 10, "mid_pred_cycle": 91, "final_pred_cycle": 100, "n_nominal_cycles": 40}}, "@version": "2021.1.11.15"}