{"@module": "beep.featurize", "@class": "DeltaQFastCharge", "name": "/mnt/c/Users/sjrt1/Documents/School/Winter2021/DATA451/FastCharge/data-share/features/DeltaQFastCharge/FastCharge_000042_CH36_features_DeltaQFastCharge.json", "X": {"discharge_capacity_cycle_2": [1.0651143], "max_discharge_capacity_difference": [0.8883302], "discharge_capacity_cycle_100": [1.072073], "integrated_time_temperature_cycles_1:100": [238273.92065836588], "charge_time_cycles_1:5": [588.7999877929688], "abs_min_discharge_capacity_difference_cycles_2:100": [-1.2976505382394912], "abs_mean_discharge_capacity_difference_cycles_2:100": [-1.6389732099664374], "abs_variance_discharge_capacity_difference_cycles_2:100": [-3.323919097259849], "abs_skew_discharge_capacity_difference_cycles_2:100": [-1.5055443848909906], "abs_kurtosis_discharge_capacity_difference_cycles_2:100": [0.2680727625589129], "abs_first_discharge_capacity_difference_cycles_2:100": [-1.346275099194668], "max_temperature_cycles_1:100": [40.03132629394531], "min_temperature_cycles_1:100": [30.037389755249023], "slope_discharge_capacity_cycle_number_2:100": [5.627696969694947e-06], "intercept_discharge_capacity_cycle_number_2:100": [1.0729914787878787], "slope_discharge_capacity_cycle_number_91:100": [-6.474909090907634e-05], "intercept_discharge_capacity_cycle_number_91:100": [1.0783864490909074], "min_internal_resistance_cycles_2:100": [0.01696951687335968], "internal_resistance_cycle_2": [0.017559755593538284], "internal_resistance_difference_cycles_2:100": [-0.000560324639081955], "nominal_capacity_by_median": [1.0738501999999999]}, "metadata": {"barcode": "el150800460628", "protocol": "2017-06-30_tests\\20170630-5_2C_71per_3C.sdu", "channel_id": 35, "parameters": {"init_pred_cycle": 10, "mid_pred_cycle": 91, "final_pred_cycle": 100, "n_nominal_cycles": 40}}, "@version": "2021.1.11.15"}