{"@module": "beep.featurize", "@class": "DeltaQFastCharge", "name": "/mnt/c/Users/sjrt1/Documents/School/Winter2021/DATA451/FastCharge/data-share/features/DeltaQFastCharge/FastCharge_000065_CH34_features_DeltaQFastCharge.json", "X": {"discharge_capacity_cycle_2": [1.0762453], "max_discharge_capacity_difference": [0.5981268], "discharge_capacity_cycle_100": [1.0810544], "integrated_time_temperature_cycles_1:100": [216887.41283365886], "charge_time_cycles_1:5": [640.0], "abs_min_discharge_capacity_difference_cycles_2:100": [-1.4479624018868473], "abs_mean_discharge_capacity_difference_cycles_2:100": [-1.7568667837099714], "abs_variance_discharge_capacity_difference_cycles_2:100": [-3.616574292510296], "abs_skew_discharge_capacity_difference_cycles_2:100": [-0.9283235175228849], "abs_kurtosis_discharge_capacity_difference_cycles_2:100": [0.2791456389988162], "abs_first_discharge_capacity_difference_cycles_2:100": [-1.5589243628994005], "max_temperature_cycles_1:100": [38.17807388305664], "min_temperature_cycles_1:100": [30.49570655822754], "slope_discharge_capacity_cycle_number_2:100": [-6.622519480523315e-06], "intercept_discharge_capacity_cycle_number_2:100": [1.0823189098124095], "slope_discharge_capacity_cycle_number_91:100": [-2.3095757575766515e-05], "intercept_discharge_capacity_cycle_number_91:100": [1.0832260290909097], "min_internal_resistance_cycles_2:100": [0.015953196212649345], "internal_resistance_cycle_2": [0.01623363234102726], "internal_resistance_difference_cycles_2:100": [-3.265403211116791e-05], "nominal_capacity_by_median": [1.0827105]}, "metadata": {"barcode": "EL150800463198", "protocol": "2017-05-12_TESTS\\20170512-6C-40PER_3_6C.SDU", "channel_id": 33, "parameters": {"init_pred_cycle": 10, "mid_pred_cycle": 91, "final_pred_cycle": 100, "n_nominal_cycles": 40}}, "@version": "2021.1.11.15"}