{"@module": "beep.featurize", "@class": "DeltaQFastCharge", "name": "/mnt/c/Users/sjrt1/Documents/School/Winter2021/DATA451/FastCharge/data-share/features/DeltaQFastCharge/FastCharge_000037_CH21_features_DeltaQFastCharge.json", "X": {"discharge_capacity_cycle_2": [1.0753926999999999], "max_discharge_capacity_difference": [0.6077265000000001], "discharge_capacity_cycle_100": [1.0819528999999999], "integrated_time_temperature_cycles_1:100": [212881.8042195638], "charge_time_cycles_1:5": [640.0], "abs_min_discharge_capacity_difference_cycles_2:100": [-1.5572800371952398], "abs_mean_discharge_capacity_difference_cycles_2:100": [-1.9120701142399963], "abs_variance_discharge_capacity_difference_cycles_2:100": [-3.8818722117213236], "abs_skew_discharge_capacity_difference_cycles_2:100": [-1.2420557261235086], "abs_kurtosis_discharge_capacity_difference_cycles_2:100": [0.25297995755439484], "abs_first_discharge_capacity_difference_cycles_2:100": [-1.650588285026296], "max_temperature_cycles_1:100": [38.35481643676758], "min_temperature_cycles_1:100": [30.1059513092041], "slope_discharge_capacity_cycle_number_2:100": [1.6821350649347517e-05], "intercept_discharge_capacity_cycle_number_2:100": [1.081248293073593], "slope_discharge_capacity_cycle_number_91:100": [-1.1852727272714082e-05], "intercept_discharge_capacity_cycle_number_91:100": [1.083143972727271], "min_internal_resistance_cycles_2:100": [0.016234220936894417], "internal_resistance_cycle_2": [0.016521776095032692], "internal_resistance_difference_cycles_2:100": [1.5268102288246155e-05], "nominal_capacity_by_median": [1.0821542000000002]}, "metadata": {"barcode": "EL150800460472", "protocol": "2017-05-12_TESTS\\20170512-5_4C-50PER_3_6C.SDU", "channel_id": 20, "parameters": {"init_pred_cycle": 10, "mid_pred_cycle": 91, "final_pred_cycle": 100, "n_nominal_cycles": 40}}, "@version": "2021.1.11.15"}