{"@module": "beep.featurize", "@class": "DeltaQFastCharge", "name": "/mnt/c/Users/sjrt1/Documents/School/Winter2021/DATA451/FastCharge/data-share/features/DeltaQFastCharge/FastCharge_000066_CH25_features_DeltaQFastCharge.json", "X": {"discharge_capacity_cycle_2": [1.0722208999999998], "max_discharge_capacity_difference": [0.6135708000000004], "discharge_capacity_cycle_100": [1.0776408000000002], "integrated_time_temperature_cycles_1:100": [216427.32148437502], "charge_time_cycles_1:5": [768.0], "abs_min_discharge_capacity_difference_cycles_2:100": [-1.5021313329462125], "abs_mean_discharge_capacity_difference_cycles_2:100": [-1.8033875391714846], "abs_variance_discharge_capacity_difference_cycles_2:100": [-3.7049492387472895], "abs_skew_discharge_capacity_difference_cycles_2:100": [-0.9095122816075849], "abs_kurtosis_discharge_capacity_difference_cycles_2:100": [0.2823456265606722], "abs_first_discharge_capacity_difference_cycles_2:100": [-1.6002333701499298], "max_temperature_cycles_1:100": [37.59622573852539], "min_temperature_cycles_1:100": [30.309080123901367], "slope_discharge_capacity_cycle_number_2:100": [5.795333333329795e-06], "intercept_discharge_capacity_cycle_number_2:100": [1.0776887686868681], "slope_discharge_capacity_cycle_number_91:100": [-0.00010549090909091242], "intercept_discharge_capacity_cycle_number_91:100": [1.0874397709090908], "min_internal_resistance_cycles_2:100": [0.01639058068394661], "internal_resistance_cycle_2": [0.01671016588807106], "internal_resistance_difference_cycles_2:100": [-2.985261380672455e-05], "nominal_capacity_by_median": [1.07821715]}, "metadata": {"barcode": "EL150800460630", "protocol": "2017-05-12_TESTS\\20170512-6C-40PER_3C.SDU", "channel_id": 24, "parameters": {"init_pred_cycle": 10, "mid_pred_cycle": 91, "final_pred_cycle": 100, "n_nominal_cycles": 40}}, "@version": "2021.1.11.15"}