{"@module": "beep.featurize", "@class": "DeltaQFastCharge", "name": "/mnt/c/Users/sjrt1/Documents/School/Winter2021/DATA451/FastCharge/data-share/features/DeltaQFastCharge/FastCharge_000012_CH45_features_DeltaQFastCharge.json", "X": {"discharge_capacity_cycle_2": [1.0573761000000002], "max_discharge_capacity_difference": [0.493104], "discharge_capacity_cycle_100": [1.0578856], "integrated_time_temperature_cycles_1:100": [155949.89425254997], "charge_time_cycles_1:5": [563.2000122070312], "abs_min_discharge_capacity_difference_cycles_2:100": [-1.6474388887900007], "abs_mean_discharge_capacity_difference_cycles_2:100": [-2.016423424660776], "abs_variance_discharge_capacity_difference_cycles_2:100": [-4.025718183370679], "abs_skew_discharge_capacity_difference_cycles_2:100": [-0.7606417550842635], "abs_kurtosis_discharge_capacity_difference_cycles_2:100": [0.2571126351737428], "abs_first_discharge_capacity_difference_cycles_2:100": [-1.7182808143699337], "max_temperature_cycles_1:100": [39.893035888671875], "min_temperature_cycles_1:100": [31.939495086669922], "slope_discharge_capacity_cycle_number_2:100": [-1.9780236239954354e-05], "intercept_discharge_capacity_cycle_number_2:100": [1.060348313832199], "slope_discharge_capacity_cycle_number_91:100": [-5.9033939393945616e-05], "intercept_discharge_capacity_cycle_number_91:100": [1.0636242472727275], "min_internal_resistance_cycles_2:100": [0.015083324164152145], "internal_resistance_cycle_2": [0.015283137559890747], "internal_resistance_difference_cycles_2:100": [-0.0001225396990776062], "nominal_capacity_by_median": [1.0602281]}, "metadata": {"barcode": "el150800737365", "protocol": "2018-04-12_batch8\\20180412-5_6C_36per_4_3C_newstructure.sdu", "channel_id": 44, "parameters": {"init_pred_cycle": 10, "mid_pred_cycle": 91, "final_pred_cycle": 100, "n_nominal_cycles": 40}}, "@version": "2021.1.11.15"}