{"@module": "beep.featurize", "@class": "DeltaQFastCharge", "name": "/mnt/c/Users/sjrt1/Documents/School/Winter2021/DATA451/FastCharge/data-share/features/DeltaQFastCharge/FastCharge_000015_CH14_features_DeltaQFastCharge.json", "X": {"discharge_capacity_cycle_2": [1.0717411000000001], "max_discharge_capacity_difference": [0.5034946999999999], "discharge_capacity_cycle_100": [1.0738508], "integrated_time_temperature_cycles_1:100": [148134.29657560278], "charge_time_cycles_1:5": [588.7999877929688], "abs_min_discharge_capacity_difference_cycles_2:100": [-1.6120535954039605], "abs_mean_discharge_capacity_difference_cycles_2:100": [-1.9468723083436905], "abs_variance_discharge_capacity_difference_cycles_2:100": [-3.939693978689951], "abs_skew_discharge_capacity_difference_cycles_2:100": [-1.5800542108083997], "abs_kurtosis_discharge_capacity_difference_cycles_2:100": [0.2710865593288578], "abs_first_discharge_capacity_difference_cycles_2:100": [-1.7172536020001525], "max_temperature_cycles_1:100": [33.393577575683594], "min_temperature_cycles_1:100": [30.863256454467773], "slope_discharge_capacity_cycle_number_2:100": [-3.1181348175646803e-06], "intercept_discharge_capacity_cycle_number_2:100": [1.0746722875489585], "slope_discharge_capacity_cycle_number_91:100": [-3.127333333335295e-05], "intercept_discharge_capacity_cycle_number_91:100": [1.0768970400000017], "min_internal_resistance_cycles_2:100": [0.015085268765687943], "internal_resistance_cycle_2": [0.015297506004571915], "internal_resistance_difference_cycles_2:100": [-0.00013212114572525024], "nominal_capacity_by_median": [1.0747858]}, "metadata": {"barcode": "el150800739476", "protocol": "2018-04-12_batch8\\20180412-5_6C_19per_4_6C_newstructure.sdu", "channel_id": 13, "parameters": {"init_pred_cycle": 10, "mid_pred_cycle": 91, "final_pred_cycle": 100, "n_nominal_cycles": 40}}, "@version": "2021.1.11.15"}