{"@module": "beep.featurize", "@class": "DeltaQFastCharge", "name": "/mnt/c/Users/sjrt1/Documents/School/Winter2021/DATA451/FastCharge/data-share/features/DeltaQFastCharge/FastCharge_000001_CH38_features_DeltaQFastCharge.json", "X": {"discharge_capacity_cycle_2": [1.0512739], "max_discharge_capacity_difference": [0.49011190000000004], "discharge_capacity_cycle_100": [1.0341983000000001], "integrated_time_temperature_cycles_1:100": [159799.4890051929], "charge_time_cycles_1:5": [563.2000122070312], "abs_min_discharge_capacity_difference_cycles_2:100": [-1.2430890844325302], "abs_mean_discharge_capacity_difference_cycles_2:100": [-1.5471854388391135], "abs_variance_discharge_capacity_difference_cycles_2:100": [-3.174008098014788], "abs_skew_discharge_capacity_difference_cycles_2:100": [-1.0411407035700906], "abs_kurtosis_discharge_capacity_difference_cycles_2:100": [0.2816340786048657], "abs_first_discharge_capacity_difference_cycles_2:100": [-1.3167889628762983], "max_temperature_cycles_1:100": [39.85648727416992], "min_temperature_cycles_1:100": [31.972694396972656], "slope_discharge_capacity_cycle_number_2:100": [-0.0001956127606679026], "intercept_discharge_capacity_cycle_number_2:100": [1.0544770481344048], "slope_discharge_capacity_cycle_number_91:100": [-0.0002710866666666712], "intercept_discharge_capacity_cycle_number_91:100": [1.06102388], "min_internal_resistance_cycles_2:100": [0.013169404119253159], "internal_resistance_cycle_2": [0.013172633945941925], "internal_resistance_difference_cycles_2:100": [0.00042933784425258636], "nominal_capacity_by_median": [1.05098615]}, "metadata": {"barcode": "el150800737234", "protocol": "2018-04-12_batch8\\20180412-3_7C_31per_5_9C_newstructure.sdu", "channel_id": 37, "parameters": {"init_pred_cycle": 10, "mid_pred_cycle": 91, "final_pred_cycle": 100, "n_nominal_cycles": 40}}, "@version": "2021.1.11.15"}