{"@module": "beep.featurize", "@class": "DeltaQFastCharge", "name": "/mnt/c/Users/sjrt1/Documents/School/Winter2021/DATA451/FastCharge/data-share/features/DeltaQFastCharge/FastCharge_000065_CH33_features_DeltaQFastCharge.json", "X": {"discharge_capacity_cycle_2": [1.0846132], "max_discharge_capacity_difference": [0.6073293], "discharge_capacity_cycle_100": [1.089437], "integrated_time_temperature_cycles_1:100": [213037.99341634117], "charge_time_cycles_1:5": [640.0], "abs_min_discharge_capacity_difference_cycles_2:100": [-1.4180508128663578], "abs_mean_discharge_capacity_difference_cycles_2:100": [-1.7276782208867911], "abs_variance_discharge_capacity_difference_cycles_2:100": [-3.54665558661204], "abs_skew_discharge_capacity_difference_cycles_2:100": [-1.0200228496700432], "abs_kurtosis_discharge_capacity_difference_cycles_2:100": [0.2803208783991364], "abs_first_discharge_capacity_difference_cycles_2:100": [-1.4958651267268313], "max_temperature_cycles_1:100": [37.07771682739258], "min_temperature_cycles_1:100": [30.18954849243164], "slope_discharge_capacity_cycle_number_2:100": [-1.0853717996288405e-05], "intercept_discharge_capacity_cycle_number_2:100": [1.0910689121624404], "slope_discharge_capacity_cycle_number_91:100": [-0.0001367060606060808], "intercept_discharge_capacity_cycle_number_91:100": [1.1021920527272746], "min_internal_resistance_cycles_2:100": [0.016129743307828903], "internal_resistance_cycle_2": [0.016449391841888428], "internal_resistance_difference_cycles_2:100": [-7.235631346702576e-05], "nominal_capacity_by_median": [1.0913202]}, "metadata": {"barcode": "EL150800460659", "protocol": "2017-05-12_TESTS\\20170512-6C-40PER_3_6C.SDU", "channel_id": 32, "parameters": {"init_pred_cycle": 10, "mid_pred_cycle": 91, "final_pred_cycle": 100, "n_nominal_cycles": 40}}, "@version": "2021.1.11.15"}