{"@module": "beep.featurize", "@class": "DeltaQFastCharge", "name": "/mnt/c/Users/sjrt1/Documents/School/Winter2021/DATA451/FastCharge/data-share/features/DeltaQFastCharge/FastCharge_000016_CH17_features_DeltaQFastCharge.json", "X": {"discharge_capacity_cycle_2": [1.0648883999999998], "max_discharge_capacity_difference": [0.8942791000000001], "discharge_capacity_cycle_100": [1.0729008999999998], "integrated_time_temperature_cycles_1:100": [225552.6951619466], "charge_time_cycles_1:5": [614.4000244140625], "abs_min_discharge_capacity_difference_cycles_2:100": [-1.054364441041912], "abs_mean_discharge_capacity_difference_cycles_2:100": [-1.437266060554841], "abs_variance_discharge_capacity_difference_cycles_2:100": [-2.9468987749212134], "abs_skew_discharge_capacity_difference_cycles_2:100": [-1.314405324256864], "abs_kurtosis_discharge_capacity_difference_cycles_2:100": [0.23854541765309165], "abs_first_discharge_capacity_difference_cycles_2:100": [-1.3134563165288515], "max_temperature_cycles_1:100": [35.80637741088867], "min_temperature_cycles_1:100": [28.374696731567383], "slope_discharge_capacity_cycle_number_2:100": [2.6902376004935715e-05], "intercept_discharge_capacity_cycle_number_2:100": [1.07314717816945], "slope_discharge_capacity_cycle_number_91:100": [-9.233393939390684e-05], "intercept_discharge_capacity_cycle_number_91:100": [1.0826074872727238], "min_internal_resistance_cycles_2:100": [0.016974877566099167], "internal_resistance_cycle_2": [0.01772385835647583], "internal_resistance_difference_cycles_2:100": [-0.0005876123905181885], "nominal_capacity_by_median": [1.07463885]}, "metadata": {"barcode": "el150800460478", "protocol": "2017-06-30_tests\\20170630-4_4C_24per_5C.sdu", "channel_id": 16, "parameters": {"init_pred_cycle": 10, "mid_pred_cycle": 91, "final_pred_cycle": 100, "n_nominal_cycles": 40}}, "@version": "2021.1.11.15"}