{"@module": "beep.featurize", "@class": "DeltaQFastCharge", "name": "/mnt/c/Users/sjrt1/Documents/School/Winter2021/DATA451/FastCharge/data-share/features/DeltaQFastCharge/FastCharge_000002_CH10_features_DeltaQFastCharge.json", "X": {"discharge_capacity_cycle_2": [1.0665728], "max_discharge_capacity_difference": [0.47571469999999993], "discharge_capacity_cycle_100": [1.0695093], "integrated_time_temperature_cycles_1:100": [146029.5250360061], "charge_time_cycles_1:5": [614.4000244140625], "abs_min_discharge_capacity_difference_cycles_2:100": [-1.640443517452452], "abs_mean_discharge_capacity_difference_cycles_2:100": [-2.0329662447908157], "abs_variance_discharge_capacity_difference_cycles_2:100": [-4.054917900108125], "abs_skew_discharge_capacity_difference_cycles_2:100": [-0.5709892090544539], "abs_kurtosis_discharge_capacity_difference_cycles_2:100": [0.2252006850228702], "abs_first_discharge_capacity_difference_cycles_2:100": [-1.6725403664841703], "max_temperature_cycles_1:100": [33.974361419677734], "min_temperature_cycles_1:100": [30.64265251159668], "slope_discharge_capacity_cycle_number_2:100": [-2.4585034013556943e-06], "intercept_discharge_capacity_cycle_number_2:100": [1.0704802534528957], "slope_discharge_capacity_cycle_number_91:100": [-5.5178181818165246e-05], "intercept_discharge_capacity_cycle_number_91:100": [1.074865958181816], "min_internal_resistance_cycles_2:100": [0.015180223621428013], "internal_resistance_cycle_2": [0.015434841625392437], "internal_resistance_difference_cycles_2:100": [-0.0001586293801665306], "nominal_capacity_by_median": [1.0708095]}, "metadata": {"barcode": "el150800737329", "protocol": "2018-04-12_batch8\\20180412-5C_67per_4C_newstructure.sdu", "channel_id": 9, "parameters": {"init_pred_cycle": 10, "mid_pred_cycle": 91, "final_pred_cycle": 100, "n_nominal_cycles": 40}}, "@version": "2021.1.11.15"}