{"@module": "beep.featurize", "@class": "DeltaQFastCharge", "name": "/mnt/c/Users/sjrt1/Documents/School/Winter2021/DATA451/FastCharge/data-share/features/DeltaQFastCharge/FastCharge_000032_CH22_features_DeltaQFastCharge.json", "X": {"discharge_capacity_cycle_2": [1.0757267], "max_discharge_capacity_difference": [0.8825891000000001], "discharge_capacity_cycle_100": [1.0826506999999999], "integrated_time_temperature_cycles_1:100": [228833.554691569], "charge_time_cycles_1:5": [614.4000244140625], "abs_min_discharge_capacity_difference_cycles_2:100": [-1.2671541166525433], "abs_mean_discharge_capacity_difference_cycles_2:100": [-1.589104072397388], "abs_variance_discharge_capacity_difference_cycles_2:100": [-3.239458180311633], "abs_skew_discharge_capacity_difference_cycles_2:100": [-1.4881365397676871], "abs_kurtosis_discharge_capacity_difference_cycles_2:100": [0.27919035987286683], "abs_first_discharge_capacity_difference_cycles_2:100": [-1.3538677266437253], "max_temperature_cycles_1:100": [36.1468391418457], "min_temperature_cycles_1:100": [29.35239028930664], "slope_discharge_capacity_cycle_number_2:100": [-1.920127396415037e-06], "intercept_discharge_capacity_cycle_number_2:100": [1.084230772026386], "slope_discharge_capacity_cycle_number_91:100": [-9.438121212121604e-05], "intercept_discharge_capacity_cycle_number_91:100": [1.0919107545454545], "min_internal_resistance_cycles_2:100": [0.016888003796339035], "internal_resistance_cycle_2": [0.01743192970752716], "internal_resistance_difference_cycles_2:100": [-0.0004580356180667877], "nominal_capacity_by_median": [1.08486935]}, "metadata": {"barcode": "el150800463245", "protocol": "2017-06-30_tests\\20170630-4_65C_44per_5C.sdu", "channel_id": 21, "parameters": {"init_pred_cycle": 10, "mid_pred_cycle": 91, "final_pred_cycle": 100, "n_nominal_cycles": 40}}, "@version": "2021.1.11.15"}