{"@module": "beep.featurize", "@class": "DeltaQFastCharge", "name": "/mnt/c/Users/sjrt1/Documents/School/Winter2021/DATA451/FastCharge/data-share/features/DeltaQFastCharge/FastCharge_000046_CH31_features_DeltaQFastCharge.json", "X": {"discharge_capacity_cycle_2": [1.0764788], "max_discharge_capacity_difference": [0.6089068], "discharge_capacity_cycle_100": [1.0820729], "integrated_time_temperature_cycles_1:100": [213388.28013509116], "charge_time_cycles_1:5": [665.5999755859375], "abs_min_discharge_capacity_difference_cycles_2:100": [-1.4988304225264761], "abs_mean_discharge_capacity_difference_cycles_2:100": [-1.8138622004401572], "abs_variance_discharge_capacity_difference_cycles_2:100": [-3.708895099047153], "abs_skew_discharge_capacity_difference_cycles_2:100": [-1.1380909815309088], "abs_kurtosis_discharge_capacity_difference_cycles_2:100": [0.28009656567117835], "abs_first_discharge_capacity_difference_cycles_2:100": [-1.5674952193441376], "max_temperature_cycles_1:100": [37.75831604003906], "min_temperature_cycles_1:100": [29.78057861328125], "slope_discharge_capacity_cycle_number_2:100": [-2.2433358070543932e-06], "intercept_discharge_capacity_cycle_number_2:100": [1.0830356657802511], "slope_discharge_capacity_cycle_number_91:100": [-2.9464242424236658e-05], "intercept_discharge_capacity_cycle_number_91:100": [1.0850310509090901], "min_internal_resistance_cycles_2:100": [0.01625094562768936], "internal_resistance_cycle_2": [0.016811957582831383], "internal_resistance_difference_cycles_2:100": [-0.00013369135558605194], "nominal_capacity_by_median": [1.0835252999999998]}, "metadata": {"barcode": "EL150800460433", "protocol": "2017-05-12_TESTS\\20170512-6C-30PER_3_6C.SDU", "channel_id": 30, "parameters": {"init_pred_cycle": 10, "mid_pred_cycle": 91, "final_pred_cycle": 100, "n_nominal_cycles": 40}}, "@version": "2021.1.11.15"}