{"@module": "beep.featurize", "@class": "DeltaQFastCharge", "name": "/mnt/c/Users/sjrt1/Documents/School/Winter2021/DATA451/FastCharge/data-share/features/DeltaQFastCharge/FastCharge_000044_CH11_features_DeltaQFastCharge.json", "X": {"discharge_capacity_cycle_2": [1.0702003], "max_discharge_capacity_difference": [0.6093251000000002], "discharge_capacity_cycle_100": [1.0614847], "integrated_time_temperature_cycles_1:100": [178767.12500406904], "charge_time_cycles_1:5": [537.5999755859375], "abs_min_discharge_capacity_difference_cycles_2:100": [-1.1919368354643611], "abs_mean_discharge_capacity_difference_cycles_2:100": [-1.4890402239041463], "abs_variance_discharge_capacity_difference_cycles_2:100": [-3.0679055449139407], "abs_skew_discharge_capacity_difference_cycles_2:100": [-0.9540701611937763], "abs_kurtosis_discharge_capacity_difference_cycles_2:100": [0.28497674371988524], "abs_first_discharge_capacity_difference_cycles_2:100": [-1.2675684490888208], "max_temperature_cycles_1:100": [35.50493240356445], "min_temperature_cycles_1:100": [29.662240982055664], "slope_discharge_capacity_cycle_number_2:100": [-0.0001346795485466988], "intercept_discharge_capacity_cycle_number_2:100": [1.0766654925788497], "slope_discharge_capacity_cycle_number_91:100": [-0.00023127454545451552], "intercept_discharge_capacity_cycle_number_91:100": [1.0844170145454513], "min_internal_resistance_cycles_2:100": [0.015036267228424549], "internal_resistance_cycle_2": [0.0157944243401289], "internal_resistance_difference_cycles_2:100": [-0.000630255788564682], "nominal_capacity_by_median": [1.07393445]}, "metadata": {"barcode": "EL150800464002", "protocol": "2017-05-12_TESTS\\20170512-5_4C-80PER_5_4C.SDU", "channel_id": 10, "parameters": {"init_pred_cycle": 10, "mid_pred_cycle": 91, "final_pred_cycle": 100, "n_nominal_cycles": 40}}, "@version": "2021.1.11.15"}