{"@module": "beep.featurize", "@class": "DeltaQFastCharge", "name": "/mnt/c/Users/sjrt1/Documents/School/Winter2021/DATA451/FastCharge/data-share/features/DeltaQFastCharge/FastCharge_000073_CH35_features_DeltaQFastCharge.json", "X": {"discharge_capacity_cycle_2": [1.0649502], "max_discharge_capacity_difference": [0.8856544000000002], "discharge_capacity_cycle_100": [1.0748545], "integrated_time_temperature_cycles_1:100": [235214.38088378907], "charge_time_cycles_1:5": [588.7999877929688], "abs_min_discharge_capacity_difference_cycles_2:100": [-1.4155715841799847], "abs_mean_discharge_capacity_difference_cycles_2:100": [-1.7959553176412122], "abs_variance_discharge_capacity_difference_cycles_2:100": [-3.624051595465846], "abs_skew_discharge_capacity_difference_cycles_2:100": [-0.7761877609011936], "abs_kurtosis_discharge_capacity_difference_cycles_2:100": [0.22117362447229358], "abs_first_discharge_capacity_difference_cycles_2:100": [-1.454536996053808], "max_temperature_cycles_1:100": [38.83897018432617], "min_temperature_cycles_1:100": [30.105607986450195], "slope_discharge_capacity_cycle_number_2:100": [2.6814337662333706e-05], "intercept_discharge_capacity_cycle_number_2:100": [1.073238773015873], "slope_discharge_capacity_cycle_number_91:100": [-4.916121212121648e-05], "intercept_discharge_capacity_cycle_number_91:100": [1.0795570545454547], "min_internal_resistance_cycles_2:100": [0.017337065190076828], "internal_resistance_cycle_2": [0.017780020833015442], "internal_resistance_difference_cycles_2:100": [-0.00011490657925605774], "nominal_capacity_by_median": [1.0745675]}, "metadata": {"barcode": "el150800460492", "protocol": "2017-06-30_tests\\20170630-5_2C_66per_3_5C.sdu", "channel_id": 34, "parameters": {"init_pred_cycle": 10, "mid_pred_cycle": 91, "final_pred_cycle": 100, "n_nominal_cycles": 40}}, "@version": "2021.1.11.15"}