{"@module": "beep.featurize", "@class": "DeltaQFastCharge", "name": "/mnt/c/Users/sjrt1/Documents/School/Winter2021/DATA451/FastCharge/data-share/features/DeltaQFastCharge/FastCharge_000050_CH40_features_DeltaQFastCharge.json", "X": {"discharge_capacity_cycle_2": [1.0674968], "max_discharge_capacity_difference": [0.49139179999999993], "discharge_capacity_cycle_100": [1.0696827], "integrated_time_temperature_cycles_1:100": [159041.24042333983], "charge_time_cycles_1:5": [614.4000244140625], "abs_min_discharge_capacity_difference_cycles_2:100": [-1.4491212145978085], "abs_mean_discharge_capacity_difference_cycles_2:100": [-1.7734630031638863], "abs_variance_discharge_capacity_difference_cycles_2:100": [-3.6084667200737943], "abs_skew_discharge_capacity_difference_cycles_2:100": [-2.2789629187680926], "abs_kurtosis_discharge_capacity_difference_cycles_2:100": [0.27211884705101974], "abs_first_discharge_capacity_difference_cycles_2:100": [-1.5079220484188667], "max_temperature_cycles_1:100": [37.242977142333984], "min_temperature_cycles_1:100": [30.816335678100586], "slope_discharge_capacity_cycle_number_2:100": [-6.38879035250942e-06], "intercept_discharge_capacity_cycle_number_2:100": [1.0710957122448974], "slope_discharge_capacity_cycle_number_91:100": [-4.23587878787674e-05], "intercept_discharge_capacity_cycle_number_91:100": [1.0739345854545432], "min_internal_resistance_cycles_2:100": [0.015812302008271217], "internal_resistance_cycle_2": [0.016009245067834854], "internal_resistance_difference_cycles_2:100": [-4.937872290611267e-05], "nominal_capacity_by_median": [1.07139635]}, "metadata": {"barcode": "el150800737279", "protocol": "2018-04-12_batch8\\20180412-5_9C_60per_3_1C_newstructure.sdu", "channel_id": 39, "parameters": {"init_pred_cycle": 10, "mid_pred_cycle": 91, "final_pred_cycle": 100, "n_nominal_cycles": 40}}, "@version": "2021.1.11.15"}