{"@module": "beep.featurize", "@class": "DeltaQFastCharge", "name": "/mnt/c/Users/sjrt1/Documents/School/Winter2021/DATA451/FastCharge/data-share/features/DeltaQFastCharge/FastCharge_000008_CH47_features_DeltaQFastCharge.json", "X": {"discharge_capacity_cycle_2": [1.0817878], "max_discharge_capacity_difference": [0.6075974999999998], "discharge_capacity_cycle_100": [1.0847286], "integrated_time_temperature_cycles_1:100": [207666.61431070964], "charge_time_cycles_1:5": [640.0], "abs_min_discharge_capacity_difference_cycles_2:100": [-1.2392852609086453], "abs_mean_discharge_capacity_difference_cycles_2:100": [-1.5566460713088297], "abs_variance_discharge_capacity_difference_cycles_2:100": [-3.1861198294223576], "abs_skew_discharge_capacity_difference_cycles_2:100": [-1.307046673160428], "abs_kurtosis_discharge_capacity_difference_cycles_2:100": [0.280790385288013], "abs_first_discharge_capacity_difference_cycles_2:100": [-1.2800309628600859], "max_temperature_cycles_1:100": [36.804283142089844], "min_temperature_cycles_1:100": [29.747217178344727], "slope_discharge_capacity_cycle_number_2:100": [-2.923385405071901e-05], "intercept_discharge_capacity_cycle_number_2:100": [1.0882742452277883], "slope_discharge_capacity_cycle_number_91:100": [-4.987454545452279e-05], "intercept_discharge_capacity_cycle_number_91:100": [1.0897088345454522], "min_internal_resistance_cycles_2:100": [0.017142953351140022], "internal_resistance_cycle_2": [0.017510419711470604], "internal_resistance_difference_cycles_2:100": [6.443820893764496e-05], "nominal_capacity_by_median": [1.08798705]}, "metadata": {"barcode": "EL150800460485", "protocol": "2017-05-12_TESTS\\20170512-8C-35PER_3_6C.SDU", "channel_id": 46, "parameters": {"init_pred_cycle": 10, "mid_pred_cycle": 91, "final_pred_cycle": 100, "n_nominal_cycles": 40}}, "@version": "2021.1.11.15"}