{"@module": "beep.featurize", "@class": "DeltaQFastCharge", "name": "/mnt/c/Users/sjrt1/Documents/School/Winter2021/DATA451/FastCharge/data-share/features/DeltaQFastCharge/FastCharge_000067_CH42_features_DeltaQFastCharge.json", "X": {"discharge_capacity_cycle_2": [1.0789777], "max_discharge_capacity_difference": [0.6088659000000001], "discharge_capacity_cycle_100": [1.0848274], "integrated_time_temperature_cycles_1:100": [212899.85294596356], "charge_time_cycles_1:5": [563.2000122070312], "abs_min_discharge_capacity_difference_cycles_2:100": [-1.2788542383761907], "abs_mean_discharge_capacity_difference_cycles_2:100": [-1.5869597246701714], "abs_variance_discharge_capacity_difference_cycles_2:100": [-3.2663456339834886], "abs_skew_discharge_capacity_difference_cycles_2:100": [-0.973616227905557], "abs_kurtosis_discharge_capacity_difference_cycles_2:100": [0.2828670231395635], "abs_first_discharge_capacity_difference_cycles_2:100": [-1.3683654908223137], "max_temperature_cycles_1:100": [38.02487564086914], "min_temperature_cycles_1:100": [30.181020736694336], "slope_discharge_capacity_cycle_number_2:100": [1.3089684601131842e-06], "intercept_discharge_capacity_cycle_number_2:100": [1.0855351142032565], "slope_discharge_capacity_cycle_number_91:100": [-2.3452727272727e-05], "intercept_discharge_capacity_cycle_number_91:100": [1.0871654127272723], "min_internal_resistance_cycles_2:100": [0.01651962660253048], "internal_resistance_cycle_2": [0.01680023968219757], "internal_resistance_difference_cycles_2:100": [2.88449227809906e-05], "nominal_capacity_by_median": [1.08605775]}, "metadata": {"barcode": "EL150800460642", "protocol": "2017-05-12_TESTS\\20170512-7C-40PER_3_6C.SDU", "channel_id": 41, "parameters": {"init_pred_cycle": 10, "mid_pred_cycle": 91, "final_pred_cycle": 100, "n_nominal_cycles": 40}}, "@version": "2021.1.11.15"}