{"@module": "beep.featurize", "@class": "DeltaQFastCharge", "name": "/mnt/c/Users/sjrt1/Documents/School/Winter2021/DATA451/FastCharge/data-share/features/DeltaQFastCharge/FastCharge_000017_CH46_features_DeltaQFastCharge.json", "X": {"discharge_capacity_cycle_2": [1.0489386], "max_discharge_capacity_difference": [0.4904888999999999], "discharge_capacity_cycle_100": [1.0483313], "integrated_time_temperature_cycles_1:100": [154595.7715691968], "charge_time_cycles_1:5": [691.2000122070312], "abs_min_discharge_capacity_difference_cycles_2:100": [-2.0944589146833277], "abs_mean_discharge_capacity_difference_cycles_2:100": [-3.044043205852221], "abs_variance_discharge_capacity_difference_cycles_2:100": [-4.676859146674219], "abs_skew_discharge_capacity_difference_cycles_2:100": [-0.4055385364331823], "abs_kurtosis_discharge_capacity_difference_cycles_2:100": [-0.5983280069835824], "abs_first_discharge_capacity_difference_cycles_2:100": [-2.167097736970757], "max_temperature_cycles_1:100": [38.208900451660156], "min_temperature_cycles_1:100": [31.092140197753906], "slope_discharge_capacity_cycle_number_2:100": [-1.0993704390825171e-06], "intercept_discharge_capacity_cycle_number_2:100": [1.0495027523603375], "slope_discharge_capacity_cycle_number_91:100": [-6.843575757574886e-05], "intercept_discharge_capacity_cycle_number_91:100": [1.055100949090908], "min_internal_resistance_cycles_2:100": [0.012433430179953575], "internal_resistance_cycle_2": [0.014971707947552204], "internal_resistance_difference_cycles_2:100": [-0.00019289739429950714], "nominal_capacity_by_median": [1.0494333]}, "metadata": {"barcode": "el150800737364", "protocol": "2018-04-12_batch8\\20180412-4_8C_80per_4_8C_newstructure.sdu", "channel_id": 45, "parameters": {"init_pred_cycle": 10, "mid_pred_cycle": 91, "final_pred_cycle": 100, "n_nominal_cycles": 40}}, "@version": "2021.1.11.15"}