{"@module": "beep.featurize", "@class": "DeltaQFastCharge", "name": "/mnt/c/Users/sjrt1/Documents/School/Winter2021/DATA451/FastCharge/data-share/features/DeltaQFastCharge/FastCharge_000014_CH24_features_DeltaQFastCharge.json", "X": {"discharge_capacity_cycle_2": [1.0697117], "max_discharge_capacity_difference": [0.5475102999999999], "discharge_capacity_cycle_100": [1.0770072], "integrated_time_temperature_cycles_1:100": [202939.30452067056], "charge_time_cycles_1:5": [640.0], "abs_min_discharge_capacity_difference_cycles_2:100": [-1.5123093771945335], "abs_mean_discharge_capacity_difference_cycles_2:100": [-1.8507995402226574], "abs_variance_discharge_capacity_difference_cycles_2:100": [-3.755526922524942], "abs_skew_discharge_capacity_difference_cycles_2:100": [-1.8228136613414523], "abs_kurtosis_discharge_capacity_difference_cycles_2:100": [0.27009883498503745], "abs_first_discharge_capacity_difference_cycles_2:100": [-1.571873484170632], "max_temperature_cycles_1:100": [37.208404541015625], "min_temperature_cycles_1:100": [29.182228088378906], "slope_discharge_capacity_cycle_number_2:100": [2.244812492268834e-05], "intercept_discharge_capacity_cycle_number_2:100": [1.0759104503195214], "slope_discharge_capacity_cycle_number_91:100": [-1.0372727272716119e-05], "intercept_discharge_capacity_cycle_number_91:100": [1.078049552727271], "min_internal_resistance_cycles_2:100": [0.016238288953900337], "internal_resistance_cycle_2": [0.016832765191793442], "internal_resistance_difference_cycles_2:100": [-4.148855805397034e-05], "nominal_capacity_by_median": [1.07696975]}, "metadata": {"barcode": "EL150800460522", "protocol": "2017-05-12_TESTS\\20170512-5_4C-60PER_3_6C.SDU", "channel_id": 23, "parameters": {"init_pred_cycle": 10, "mid_pred_cycle": 91, "final_pred_cycle": 100, "n_nominal_cycles": 40}}, "@version": "2021.1.11.15"}