{"@module": "beep.featurize", "@class": "DeltaQFastCharge", "name": "/mnt/c/Users/sjrt1/Documents/School/Winter2021/DATA451/FastCharge/data-share/features/DeltaQFastCharge/FastCharge_000004_CH2_features_DeltaQFastCharge.json", "X": {"discharge_capacity_cycle_2": [1.0245415999999998], "max_discharge_capacity_difference": [0.6663588000000003], "discharge_capacity_cycle_100": [1.0298452], "integrated_time_temperature_cycles_1:100": [170295.01625976563], "charge_time_cycles_1:5": [793.5999755859375], "abs_min_discharge_capacity_difference_cycles_2:100": [-1.5092331751690964], "abs_mean_discharge_capacity_difference_cycles_2:100": [-2.1612302400146293], "abs_variance_discharge_capacity_difference_cycles_2:100": [-3.765383587101311], "abs_skew_discharge_capacity_difference_cycles_2:100": [-1.635026528958653], "abs_kurtosis_discharge_capacity_difference_cycles_2:100": [-0.2734985197479098], "abs_first_discharge_capacity_difference_cycles_2:100": [-1.8887260576137588], "max_temperature_cycles_1:100": [37.771934509277344], "min_temperature_cycles_1:100": [27.932758331298828], "slope_discharge_capacity_cycle_number_2:100": [3.044077922079982e-06], "intercept_discharge_capacity_cycle_number_2:100": [1.0307660062049055], "slope_discharge_capacity_cycle_number_91:100": [-2.8883636363644262e-05], "intercept_discharge_capacity_cycle_number_91:100": [1.033173023636364], "min_internal_resistance_cycles_2:100": [0.016772035509347916], "internal_resistance_cycle_2": [0.017235446721315384], "internal_resistance_difference_cycles_2:100": [-0.00012035481631755829], "nominal_capacity_by_median": [1.0313043]}, "metadata": {"barcode": "EL150800460486", "protocol": "2017-05-12_TESTS\\20170512-3_6C-80PER_3_6C.SDU", "channel_id": 1, "parameters": {"init_pred_cycle": 10, "mid_pred_cycle": 91, "final_pred_cycle": 100, "n_nominal_cycles": 40}}, "@version": "2021.1.11.15"}