{"@module": "beep.featurize", "@class": "DeltaQFastCharge", "name": "/mnt/c/Users/sjrt1/Documents/School/Winter2021/DATA451/FastCharge/data-share/features/DeltaQFastCharge/FastCharge_000007_CH39_features_DeltaQFastCharge.json", "X": {"discharge_capacity_cycle_2": [1.0652004], "max_discharge_capacity_difference": [0.48854070000000016], "discharge_capacity_cycle_100": [1.0696183000000001], "integrated_time_temperature_cycles_1:100": [147822.32442081018], "charge_time_cycles_1:5": [614.4000244140625], "abs_min_discharge_capacity_difference_cycles_2:100": [-1.5645326610553738], "abs_mean_discharge_capacity_difference_cycles_2:100": [-1.932270388819876], "abs_variance_discharge_capacity_difference_cycles_2:100": [-3.8689815418092435], "abs_skew_discharge_capacity_difference_cycles_2:100": [-0.815479453250357], "abs_kurtosis_discharge_capacity_difference_cycles_2:100": [0.2523665780192095], "abs_first_discharge_capacity_difference_cycles_2:100": [-1.6265226423626986], "max_temperature_cycles_1:100": [31.999889373779297], "min_temperature_cycles_1:100": [30.393115997314453], "slope_discharge_capacity_cycle_number_2:100": [7.824832405685479e-06], "intercept_discharge_capacity_cycle_number_2:100": [1.070064235147392], "slope_discharge_capacity_cycle_number_91:100": [-6.268909090906871e-05], "intercept_discharge_capacity_cycle_number_91:100": [1.0758265090909065], "min_internal_resistance_cycles_2:100": [0.014745088294148445], "internal_resistance_cycle_2": [0.014992444775998592], "internal_resistance_difference_cycles_2:100": [-0.00019479449838399887], "nominal_capacity_by_median": [1.0707510999999998]}, "metadata": {"barcode": "el150800737320", "protocol": "2018-04-12_batch8\\20180412-5_9C_15per_4_6C_newstructure.sdu", "channel_id": 38, "parameters": {"init_pred_cycle": 10, "mid_pred_cycle": 91, "final_pred_cycle": 100, "n_nominal_cycles": 40}}, "@version": "2021.1.11.15"}