{"@module": "beep.featurize", "@class": "DeltaQFastCharge", "name": "/mnt/c/Users/sjrt1/Documents/School/Winter2021/DATA451/FastCharge/data-share/features/DeltaQFastCharge/FastCharge_000017_CH25_features_DeltaQFastCharge.json", "X": {"discharge_capacity_cycle_2": [1.0605524], "max_discharge_capacity_difference": [0.4905014999999999], "discharge_capacity_cycle_100": [1.062533], "integrated_time_temperature_cycles_1:100": [155885.265063634], "charge_time_cycles_1:5": [665.5999755859375], "abs_min_discharge_capacity_difference_cycles_2:100": [-1.8745980993153422], "abs_mean_discharge_capacity_difference_cycles_2:100": [-2.3690237341850384], "abs_variance_discharge_capacity_difference_cycles_2:100": [-4.475055250505536], "abs_skew_discharge_capacity_difference_cycles_2:100": [-0.39587650039942823], "abs_kurtosis_discharge_capacity_difference_cycles_2:100": [0.15587014938217486], "abs_first_discharge_capacity_difference_cycles_2:100": [-1.913046292508144], "max_temperature_cycles_1:100": [38.218162536621094], "min_temperature_cycles_1:100": [31.641069412231445], "slope_discharge_capacity_cycle_number_2:100": [-7.311411255415879e-06], "intercept_discharge_capacity_cycle_number_2:100": [1.0638541685425684], "slope_discharge_capacity_cycle_number_91:100": [-0.00010478909090907746], "intercept_discharge_capacity_cycle_number_91:100": [1.0725528490909075], "min_internal_resistance_cycles_2:100": [0.01525314524769783], "internal_resistance_cycle_2": [0.015467585995793343], "internal_resistance_difference_cycles_2:100": [-0.0001370096579194069], "nominal_capacity_by_median": [1.0641522]}, "metadata": {"barcode": "el150800737345", "protocol": "2018-04-12_batch8\\20180412-4_8C_80per_4_8C_newstructure.sdu", "channel_id": 24, "parameters": {"init_pred_cycle": 10, "mid_pred_cycle": 91, "final_pred_cycle": 100, "n_nominal_cycles": 40}}, "@version": "2021.1.11.15"}