{"@module": "beep.featurize", "@class": "DeltaQFastCharge", "name": "/mnt/c/Users/sjrt1/Documents/School/Winter2021/DATA451/FastCharge/data-share/features/DeltaQFastCharge/FastCharge_000059_CH33_features_DeltaQFastCharge.json", "X": {"discharge_capacity_cycle_2": [1.0712117], "max_discharge_capacity_difference": [0.8642459], "discharge_capacity_cycle_100": [1.0803331], "integrated_time_temperature_cycles_1:100": [234458.991784668], "charge_time_cycles_1:5": [614.4000244140625], "abs_min_discharge_capacity_difference_cycles_2:100": [-1.3691039000581], "abs_mean_discharge_capacity_difference_cycles_2:100": [-1.6945129174365352], "abs_variance_discharge_capacity_difference_cycles_2:100": [-3.4583829548038016], "abs_skew_discharge_capacity_difference_cycles_2:100": [-1.3999257723504468], "abs_kurtosis_discharge_capacity_difference_cycles_2:100": [0.2778293408018408], "abs_first_discharge_capacity_difference_cycles_2:100": [-1.424918081322181], "max_temperature_cycles_1:100": [39.24919128417969], "min_temperature_cycles_1:100": [29.454349517822266], "slope_discharge_capacity_cycle_number_2:100": [2.3057020408161885e-05], "intercept_discharge_capacity_cycle_number_2:100": [1.0784371408987834], "slope_discharge_capacity_cycle_number_91:100": [-6.577878787876689e-05], "intercept_discharge_capacity_cycle_number_91:100": [1.086074245454543], "min_internal_resistance_cycles_2:100": [0.01727386564016342], "internal_resistance_cycle_2": [0.017664702609181404], "internal_resistance_difference_cycles_2:100": [-0.00010344758629798889], "nominal_capacity_by_median": [1.07949985]}, "metadata": {"barcode": "el150800460631", "protocol": "2017-06-30_tests\\20170630-5_2C_50per_4_25C.sdu", "channel_id": 32, "parameters": {"init_pred_cycle": 10, "mid_pred_cycle": 91, "final_pred_cycle": 100, "n_nominal_cycles": 40}}, "@version": "2021.1.11.15"}