{"@module": "beep.featurize", "@class": "DeltaQFastCharge", "name": "/mnt/c/Users/sjrt1/Documents/School/Winter2021/DATA451/FastCharge/data-share/features/DeltaQFastCharge/FastCharge_000051_CH16_features_DeltaQFastCharge.json", "X": {"discharge_capacity_cycle_2": [1.0585988000000002], "max_discharge_capacity_difference": [0.5980448], "discharge_capacity_cycle_100": [1.0677376], "integrated_time_temperature_cycles_1:100": [191563.4704256], "charge_time_cycles_1:5": [640.0], "abs_min_discharge_capacity_difference_cycles_2:100": [-1.5378570686490947], "abs_mean_discharge_capacity_difference_cycles_2:100": [-1.8756491449735044], "abs_variance_discharge_capacity_difference_cycles_2:100": [-3.802969067578865], "abs_skew_discharge_capacity_difference_cycles_2:100": [-1.9844386679176993], "abs_kurtosis_discharge_capacity_difference_cycles_2:100": [0.2713733675030777], "abs_first_discharge_capacity_difference_cycles_2:100": [-1.6320033863972656], "max_temperature_cycles_1:100": [38.47616958618164], "min_temperature_cycles_1:100": [29.44137954711914], "slope_discharge_capacity_cycle_number_2:100": [3.448171057513007e-05], "intercept_discharge_capacity_cycle_number_2:100": [1.0658403669964955], "slope_discharge_capacity_cycle_number_91:100": [-2.3000000000020353e-05], "intercept_discharge_capacity_cycle_number_91:100": [1.0700348000000015], "min_internal_resistance_cycles_2:100": [0.016542939469218254], "internal_resistance_cycle_2": [0.017123110592365265], "internal_resistance_difference_cycles_2:100": [-0.00018941238522529602], "nominal_capacity_by_median": [1.0671579000000002]}, "metadata": {"barcode": "EL150800453113", "protocol": "2017-05-12_TESTS\\20170512-5_4C-60PER_3C.SDU", "channel_id": 15, "parameters": {"init_pred_cycle": 10, "mid_pred_cycle": 91, "final_pred_cycle": 100, "n_nominal_cycles": 40}}, "@version": "2021.1.11.15"}