{"@module": "beep.featurize", "@class": "DeltaQFastCharge", "name": "/mnt/c/Users/sjrt1/Documents/School/Winter2021/DATA451/FastCharge/data-share/features/DeltaQFastCharge/FastCharge_000014_CH23_features_DeltaQFastCharge.json", "X": {"discharge_capacity_cycle_2": [1.0785451000000001], "max_discharge_capacity_difference": [0.6021087999999999], "discharge_capacity_cycle_100": [1.0863118999999999], "integrated_time_temperature_cycles_1:100": [183448.8194783529], "charge_time_cycles_1:5": [563.2000122070312], "abs_min_discharge_capacity_difference_cycles_2:100": [-1.5623243309224424], "abs_mean_discharge_capacity_difference_cycles_2:100": [-1.9195435897509965], "abs_variance_discharge_capacity_difference_cycles_2:100": [-3.883036311974901], "abs_skew_discharge_capacity_difference_cycles_2:100": [-1.036886051173303], "abs_kurtosis_discharge_capacity_difference_cycles_2:100": [0.2507742987434293], "abs_first_discharge_capacity_difference_cycles_2:100": [-1.60835699825663], "max_temperature_cycles_1:100": [37.566532135009766], "min_temperature_cycles_1:100": [29.542667388916016], "slope_discharge_capacity_cycle_number_2:100": [2.8055094619670658e-05], "intercept_discharge_capacity_cycle_number_2:100": [1.0849882614306323], "slope_discharge_capacity_cycle_number_91:100": [-3.0804848484852276e-05], "intercept_discharge_capacity_cycle_number_91:100": [1.089380318181818], "min_internal_resistance_cycles_2:100": [0.016328047960996628], "internal_resistance_cycle_2": [0.01685073971748352], "internal_resistance_difference_cycles_2:100": [-4.001148045063019e-05], "nominal_capacity_by_median": [1.08615585]}, "metadata": {"barcode": "EL150800460653", "protocol": "2017-05-12_TESTS\\20170512-5_4C-60PER_3_6C.SDU", "channel_id": 22, "parameters": {"init_pred_cycle": 10, "mid_pred_cycle": 91, "final_pred_cycle": 100, "n_nominal_cycles": 40}}, "@version": "2021.1.11.15"}