{"@module": "beep.featurize", "@class": "DeltaQFastCharge", "name": "/mnt/c/Users/sjrt1/Documents/School/Winter2021/DATA451/FastCharge/data-share/features/DeltaQFastCharge/FastCharge_000012_CH13_features_DeltaQFastCharge.json", "X": {"discharge_capacity_cycle_2": [1.0622736000000002], "max_discharge_capacity_difference": [0.4968625999999998], "discharge_capacity_cycle_100": [1.0634773000000002], "integrated_time_temperature_cycles_1:100": [158593.7725808453], "charge_time_cycles_1:5": [588.7999877929688], "abs_min_discharge_capacity_difference_cycles_2:100": [-1.5575619569305292], "abs_mean_discharge_capacity_difference_cycles_2:100": [-1.9008522704190487], "abs_variance_discharge_capacity_difference_cycles_2:100": [-3.8304009784934197], "abs_skew_discharge_capacity_difference_cycles_2:100": [-1.1767344757536984], "abs_kurtosis_discharge_capacity_difference_cycles_2:100": [0.2690686367884944], "abs_first_discharge_capacity_difference_cycles_2:100": [-1.6873910500373046], "max_temperature_cycles_1:100": [40.07662582397461], "min_temperature_cycles_1:100": [31.780437469482422], "slope_discharge_capacity_cycle_number_2:100": [-1.055822387136906e-05], "intercept_discharge_capacity_cycle_number_2:100": [1.065167587961245], "slope_discharge_capacity_cycle_number_91:100": [-7.679818181814136e-05], "intercept_discharge_capacity_cycle_number_91:100": [1.0710963981818142], "min_internal_resistance_cycles_2:100": [0.01488503161817789], "internal_resistance_cycle_2": [0.014948572032153606], "internal_resistance_difference_cycles_2:100": [0.00010999012738466263], "nominal_capacity_by_median": [1.06511555]}, "metadata": {"barcode": "el150800737280", "protocol": "2018-04-12_batch8\\20180412-5_6C_36per_4_3C_newstructure.sdu", "channel_id": 12, "parameters": {"init_pred_cycle": 10, "mid_pred_cycle": 91, "final_pred_cycle": 100, "n_nominal_cycles": 40}}, "@version": "2021.1.11.15"}