{"@module": "beep.featurize", "@class": "DeltaQFastCharge", "name": "/mnt/c/Users/sjrt1/Documents/School/Winter2021/DATA451/FastCharge/data-share/features/DeltaQFastCharge/FastCharge_000060_CH29_features_DeltaQFastCharge.json", "X": {"discharge_capacity_cycle_2": [1.0760969999999999], "max_discharge_capacity_difference": [0.8826753000000003], "discharge_capacity_cycle_100": [1.0718275], "integrated_time_temperature_cycles_1:100": [235748.31426595052], "charge_time_cycles_1:5": [614.4000244140625], "abs_min_discharge_capacity_difference_cycles_2:100": [-1.1273140144341662], "abs_mean_discharge_capacity_difference_cycles_2:100": [-1.4247404965601835], "abs_variance_discharge_capacity_difference_cycles_2:100": [-2.9309366972249045], "abs_skew_discharge_capacity_difference_cycles_2:100": [-1.042085052493277], "abs_kurtosis_discharge_capacity_difference_cycles_2:100": [0.28559050988640283], "abs_first_discharge_capacity_difference_cycles_2:100": [-1.2174426674588827], "max_temperature_cycles_1:100": [39.08768844604492], "min_temperature_cycles_1:100": [29.983699798583984], "slope_discharge_capacity_cycle_number_2:100": [-0.0001149161731601799], "intercept_discharge_capacity_cycle_number_2:100": [1.0847639126984125], "slope_discharge_capacity_cycle_number_91:100": [-0.00019136484848485583], "intercept_discharge_capacity_cycle_number_91:100": [1.0907318981818188], "min_internal_resistance_cycles_2:100": [0.01648011803627014], "internal_resistance_cycle_2": [0.017264628782868385], "internal_resistance_difference_cycles_2:100": [-0.0006939489394426346], "nominal_capacity_by_median": [1.08273055]}, "metadata": {"barcode": "el150800463208", "protocol": "2017-06-30_tests\\20170630-4C_40per_6C.sdu", "channel_id": 28, "parameters": {"init_pred_cycle": 10, "mid_pred_cycle": 91, "final_pred_cycle": 100, "n_nominal_cycles": 40}}, "@version": "2021.1.11.15"}