{"@module": "beep.featurize", "@class": "DeltaQFastCharge", "name": "/mnt/c/Users/sjrt1/Documents/School/Winter2021/DATA451/FastCharge/data-share/features/DeltaQFastCharge/FastCharge_000063_CH6_features_DeltaQFastCharge.json", "X": {"discharge_capacity_cycle_2": [1.0760566999999999], "max_discharge_capacity_difference": [0.5973625], "discharge_capacity_cycle_100": [1.0826308999999998], "integrated_time_temperature_cycles_1:100": [184853.20600585936], "charge_time_cycles_1:5": [742.4000244140625], "abs_min_discharge_capacity_difference_cycles_2:100": [-1.873911150744351], "abs_mean_discharge_capacity_difference_cycles_2:100": [-2.192186096915585], "abs_variance_discharge_capacity_difference_cycles_2:100": [-4.486477701048103], "abs_skew_discharge_capacity_difference_cycles_2:100": [-1.196074043740872], "abs_kurtosis_discharge_capacity_difference_cycles_2:100": [0.26667803776766624], "abs_first_discharge_capacity_difference_cycles_2:100": [-1.9180457386399186], "max_temperature_cycles_1:100": [35.65174102783203], "min_temperature_cycles_1:100": [29.092649459838867], "slope_discharge_capacity_cycle_number_2:100": [2.3229893630173695e-05], "intercept_discharge_capacity_cycle_number_2:100": [1.0816154810760665], "slope_discharge_capacity_cycle_number_91:100": [-3.193212121215747e-05], "intercept_discharge_capacity_cycle_number_91:100": [1.0857804454545488], "min_internal_resistance_cycles_2:100": [0.01636863499879837], "internal_resistance_cycle_2": [0.016848625615239143], "internal_resistance_difference_cycles_2:100": [-0.00010786764323711395], "nominal_capacity_by_median": [1.0827832499999999]}, "metadata": {"barcode": "EL150800464865", "protocol": "2017-05-12_TESTS\\20170512-4C-80PER_4C.SDU", "channel_id": 5, "parameters": {"init_pred_cycle": 10, "mid_pred_cycle": 91, "final_pred_cycle": 100, "n_nominal_cycles": 40}}, "@version": "2021.1.11.15"}