{"@module": "beep.featurize", "@class": "DeltaQFastCharge", "name": "/mnt/c/Users/sjrt1/Documents/School/Winter2021/DATA451/FastCharge/data-share/features/DeltaQFastCharge/FastCharge_000006_CH27_features_DeltaQFastCharge.json", "X": {"discharge_capacity_cycle_2": [1.0653081], "max_discharge_capacity_difference": [0.48844920000000003], "discharge_capacity_cycle_100": [1.0665386000000001], "integrated_time_temperature_cycles_1:100": [196828.61896892355], "charge_time_cycles_1:5": [614.4000244140625], "abs_min_discharge_capacity_difference_cycles_2:100": [-1.756509477589395], "abs_mean_discharge_capacity_difference_cycles_2:100": [-2.2528706439432784], "abs_variance_discharge_capacity_difference_cycles_2:100": [-4.192006637565118], "abs_skew_discharge_capacity_difference_cycles_2:100": [-0.5012809630227326], "abs_kurtosis_discharge_capacity_difference_cycles_2:100": [0.1645309321118671], "abs_first_discharge_capacity_difference_cycles_2:100": [-1.8222305138944], "max_temperature_cycles_1:100": [38.138309478759766], "min_temperature_cycles_1:100": [31.0411376953125], "slope_discharge_capacity_cycle_number_2:100": [-4.414312925172467e-06], "intercept_discharge_capacity_cycle_number_2:100": [1.0672569025149454], "slope_discharge_capacity_cycle_number_91:100": [-1.3524242424217739e-05], "intercept_discharge_capacity_cycle_number_91:100": [1.0679278309090883], "min_internal_resistance_cycles_2:100": [0.015354249626398087], "internal_resistance_cycle_2": [0.015568672679364681], "internal_resistance_difference_cycles_2:100": [-0.0001898324117064476], "nominal_capacity_by_median": [1.06760445]}, "metadata": {"barcode": "el150800737378", "protocol": "2018-04-12_batch8\\20180412-5_3C_54per_4C_newstructure.sdu", "channel_id": 26, "parameters": {"init_pred_cycle": 10, "mid_pred_cycle": 91, "final_pred_cycle": 100, "n_nominal_cycles": 40}}, "@version": "2021.1.11.15"}