{"@module": "beep.featurize", "@class": "DeltaQFastCharge", "name": "/mnt/c/Users/sjrt1/Documents/School/Winter2021/DATA451/FastCharge/data-share/features/DeltaQFastCharge/FastCharge_000029_CH9_features_DeltaQFastCharge.json", "X": {"discharge_capacity_cycle_2": [1.0909803999999999], "max_discharge_capacity_difference": [0.601885], "discharge_capacity_cycle_100": [1.0958742], "integrated_time_temperature_cycles_1:100": [181568.44157307944], "charge_time_cycles_1:5": [563.2000122070312], "abs_min_discharge_capacity_difference_cycles_2:100": [-1.4292113483880624], "abs_mean_discharge_capacity_difference_cycles_2:100": [-1.7347655128179247], "abs_variance_discharge_capacity_difference_cycles_2:100": [-3.5577936695469194], "abs_skew_discharge_capacity_difference_cycles_2:100": [-0.9413122207188156], "abs_kurtosis_discharge_capacity_difference_cycles_2:100": [0.2804236038475091], "abs_first_discharge_capacity_difference_cycles_2:100": [-1.558566478808759], "max_temperature_cycles_1:100": [36.05392837524414], "min_temperature_cycles_1:100": [29.36809539794922], "slope_discharge_capacity_cycle_number_2:100": [-2.1047223252965737e-06], "intercept_discharge_capacity_cycle_number_2:100": [1.0969833643990927], "slope_discharge_capacity_cycle_number_91:100": [-3.1584242424230485e-05], "intercept_discharge_capacity_cycle_number_91:100": [1.0989801509090893], "min_internal_resistance_cycles_2:100": [0.016083084046840668], "internal_resistance_cycle_2": [0.01635228842496872], "internal_resistance_difference_cycles_2:100": [-7.941201329231262e-05], "nominal_capacity_by_median": [1.09758635]}, "metadata": {"barcode": "EL150800465027", "protocol": "2017-05-12_TESTS\\20170512-4_8C-80PER_4_8C.SDU", "channel_id": 8, "parameters": {"init_pred_cycle": 10, "mid_pred_cycle": 91, "final_pred_cycle": 100, "n_nominal_cycles": 40}}, "@version": "2021.1.11.15"}