{"@module": "beep.featurize", "@class": "DeltaQFastCharge", "name": "/mnt/c/Users/sjrt1/Documents/School/Winter2021/DATA451/FastCharge/data-share/features/DeltaQFastCharge/FastCharge_000001_CH16_features_DeltaQFastCharge.json", "X": {"discharge_capacity_cycle_2": [1.0620247999999999], "max_discharge_capacity_difference": [0.48970650000000004], "discharge_capacity_cycle_100": [1.0439155], "integrated_time_temperature_cycles_1:100": [149767.85131961218], "charge_time_cycles_1:5": [563.2000122070312], "abs_min_discharge_capacity_difference_cycles_2:100": [-1.2773591296554208], "abs_mean_discharge_capacity_difference_cycles_2:100": [-1.6075663266888425], "abs_variance_discharge_capacity_difference_cycles_2:100": [-3.2630501917430252], "abs_skew_discharge_capacity_difference_cycles_2:100": [-2.111475022250797], "abs_kurtosis_discharge_capacity_difference_cycles_2:100": [0.2714292053667025], "abs_first_discharge_capacity_difference_cycles_2:100": [-1.3275196341994346], "max_temperature_cycles_1:100": [37.46143341064453], "min_temperature_cycles_1:100": [30.94306182861328], "slope_discharge_capacity_cycle_number_2:100": [-0.00020123518738404835], "intercept_discharge_capacity_cycle_number_2:100": [1.0640057623995052], "slope_discharge_capacity_cycle_number_91:100": [-0.0002477642424242433], "intercept_discharge_capacity_cycle_number_91:100": [1.0684252509090908], "min_internal_resistance_cycles_2:100": [0.013516996055841446], "internal_resistance_cycle_2": [0.013516996055841446], "internal_resistance_difference_cycles_2:100": [0.0003414759412407875], "nominal_capacity_by_median": [1.06011365]}, "metadata": {"barcode": "el150800737229", "protocol": "2018-04-12_batch8\\20180412-3_7C_31per_5_9C_newstructure.sdu", "channel_id": 15, "parameters": {"init_pred_cycle": 10, "mid_pred_cycle": 91, "final_pred_cycle": 100, "n_nominal_cycles": 40}}, "@version": "2021.1.11.15"}