{"@module": "beep.featurize", "@class": "DeltaQFastCharge", "name": "/mnt/c/Users/sjrt1/Documents/School/Winter2021/DATA451/FastCharge/data-share/features/DeltaQFastCharge/FastCharge_000019_CH30_features_DeltaQFastCharge.json", "X": {"discharge_capacity_cycle_2": [1.0895553], "max_discharge_capacity_difference": [0.6083470000000002], "discharge_capacity_cycle_100": [1.0937799], "integrated_time_temperature_cycles_1:100": [213483.66727701828], "charge_time_cycles_1:5": [563.2000122070312], "abs_min_discharge_capacity_difference_cycles_2:100": [-1.3509599491092392], "abs_mean_discharge_capacity_difference_cycles_2:100": [-1.684100402120459], "abs_variance_discharge_capacity_difference_cycles_2:100": [-3.4332248890895896], "abs_skew_discharge_capacity_difference_cycles_2:100": [-2.4320959191189053], "abs_kurtosis_discharge_capacity_difference_cycles_2:100": [0.2681585542603861], "abs_first_discharge_capacity_difference_cycles_2:100": [-1.399115249325378], "max_temperature_cycles_1:100": [38.728721618652344], "min_temperature_cycles_1:100": [30.119718551635742], "slope_discharge_capacity_cycle_number_2:100": [-1.7147004329010112e-05], "intercept_discharge_capacity_cycle_number_2:100": [1.096306467388167], "slope_discharge_capacity_cycle_number_91:100": [-4.5349696969689924e-05], "intercept_discharge_capacity_cycle_number_91:100": [1.0982986563636352], "min_internal_resistance_cycles_2:100": [0.016214989125728607], "internal_resistance_cycle_2": [0.016674533486366272], "internal_resistance_difference_cycles_2:100": [-0.0001020040363073349], "nominal_capacity_by_median": [1.0963006499999999]}, "metadata": {"barcode": "EL150800460436", "protocol": "2017-05-12_TESTS\\20170512-6C-60PER_3C.SDU", "channel_id": 29, "parameters": {"init_pred_cycle": 10, "mid_pred_cycle": 91, "final_pred_cycle": 100, "n_nominal_cycles": 40}}, "@version": "2021.1.11.15"}