{"@module": "beep.featurize", "@class": "DeltaQFastCharge", "name": "/mnt/c/Users/sjrt1/Documents/School/Winter2021/DATA451/FastCharge/data-share/features/DeltaQFastCharge/FastCharge_000018_CH18_features_DeltaQFastCharge.json", "X": {"discharge_capacity_cycle_2": [1.0825964], "max_discharge_capacity_difference": [0.5925752000000002], "discharge_capacity_cycle_100": [1.0871639], "integrated_time_temperature_cycles_1:100": [208212.9999186198], "charge_time_cycles_1:5": [588.7999877929688], "abs_min_discharge_capacity_difference_cycles_2:100": [-1.3545831190782558], "abs_mean_discharge_capacity_difference_cycles_2:100": [-1.665731996999738], "abs_variance_discharge_capacity_difference_cycles_2:100": [-3.4064240666329506], "abs_skew_discharge_capacity_difference_cycles_2:100": [-1.199218635113064], "abs_kurtosis_discharge_capacity_difference_cycles_2:100": [0.28233477592029854], "abs_first_discharge_capacity_difference_cycles_2:100": [-1.4431971399348622], "max_temperature_cycles_1:100": [37.49085998535156], "min_temperature_cycles_1:100": [29.918649673461914], "slope_discharge_capacity_cycle_number_2:100": [-6.06394557823502e-06], "intercept_discharge_capacity_cycle_number_2:100": [1.0886263285920426], "slope_discharge_capacity_cycle_number_91:100": [-5.183939393939075e-05], "intercept_discharge_capacity_cycle_number_91:100": [1.0920830327272721], "min_internal_resistance_cycles_2:100": [0.01620515063405037], "internal_resistance_cycle_2": [0.016452306881546974], "internal_resistance_difference_cycles_2:100": [-7.575005292892456e-05], "nominal_capacity_by_median": [1.0889853]}, "metadata": {"barcode": "EL150800464881", "protocol": "2017-05-12_TESTS\\20170512-5_4C-70PER_3C.SDU", "channel_id": 17, "parameters": {"init_pred_cycle": 10, "mid_pred_cycle": 91, "final_pred_cycle": 100, "n_nominal_cycles": 40}}, "@version": "2021.1.11.15"}