{"@module": "beep.featurize", "@class": "DeltaQFastCharge", "name": "/mnt/c/Users/sjrt1/Documents/School/Winter2021/DATA451/FastCharge/data-share/features/DeltaQFastCharge/FastCharge_000012_CH5_features_DeltaQFastCharge.json", "X": {"discharge_capacity_cycle_2": [1.0491925], "max_discharge_capacity_difference": [0.4855153000000001], "discharge_capacity_cycle_100": [1.0541074], "integrated_time_temperature_cycles_1:100": [204689.82440185547], "charge_time_cycles_1:5": [614.4000244140625], "abs_min_discharge_capacity_difference_cycles_2:100": [-1.6308008240432887], "abs_mean_discharge_capacity_difference_cycles_2:100": [-2.0618854386323244], "abs_variance_discharge_capacity_difference_cycles_2:100": [-4.039595443990749], "abs_skew_discharge_capacity_difference_cycles_2:100": [-0.37416908464443166], "abs_kurtosis_discharge_capacity_difference_cycles_2:100": [0.19237766197558634], "abs_first_discharge_capacity_difference_cycles_2:100": [-1.6710936794717652], "max_temperature_cycles_1:100": [37.2458381652832], "min_temperature_cycles_1:100": [30.47063636779785], "slope_discharge_capacity_cycle_number_2:100": [1.30093345701899e-05], "intercept_discharge_capacity_cycle_number_2:100": [1.0536735696351263], "slope_discharge_capacity_cycle_number_91:100": [-5.0749696969693213e-05], "intercept_discharge_capacity_cycle_number_91:100": [1.0591441763636356], "min_internal_resistance_cycles_2:100": [0.017006676644086838], "internal_resistance_cycle_2": [0.018552294000983238], "internal_resistance_difference_cycles_2:100": [-0.00018048658967018127], "nominal_capacity_by_median": [1.0544242]}, "metadata": {"barcode": "el150800739495", "protocol": "2018-04-12_batch8\\20180412-5_6C_36per_4_3C_newstructure.sdu", "channel_id": 4, "parameters": {"init_pred_cycle": 10, "mid_pred_cycle": 91, "final_pred_cycle": 100, "n_nominal_cycles": 40}}, "@version": "2021.1.11.15"}