{"@module": "beep.featurize", "@class": "DeltaQFastCharge", "name": "/mnt/c/Users/sjrt1/Documents/School/Winter2021/DATA451/FastCharge/data-share/features/DeltaQFastCharge/FastCharge_000002_CH34_features_DeltaQFastCharge.json", "X": {"discharge_capacity_cycle_2": [1.0451530999999998], "max_discharge_capacity_difference": [0.4924756000000001], "discharge_capacity_cycle_100": [1.0501817], "integrated_time_temperature_cycles_1:100": [209598.21226806645], "charge_time_cycles_1:5": [614.4000244140625], "abs_min_discharge_capacity_difference_cycles_2:100": [-1.6140375919653802], "abs_mean_discharge_capacity_difference_cycles_2:100": [-1.9785959830486421], "abs_variance_discharge_capacity_difference_cycles_2:100": [-3.962664020827549], "abs_skew_discharge_capacity_difference_cycles_2:100": [-0.7652043447240845], "abs_kurtosis_discharge_capacity_difference_cycles_2:100": [0.2535753421174678], "abs_first_discharge_capacity_difference_cycles_2:100": [-1.655176372776114], "max_temperature_cycles_1:100": [37.871063232421875], "min_temperature_cycles_1:100": [31.712324142456055], "slope_discharge_capacity_cycle_number_2:100": [1.307641063698133e-05], "intercept_discharge_capacity_cycle_number_2:100": [1.0497375804782512], "slope_discharge_capacity_cycle_number_91:100": [-5.107212121208666e-05], "intercept_discharge_capacity_cycle_number_91:100": [1.055155765454542], "min_internal_resistance_cycles_2:100": [0.015503049828112125], "internal_resistance_cycle_2": [0.01577148586511612], "internal_resistance_difference_cycles_2:100": [-0.00017171073704957962], "nominal_capacity_by_median": [1.0503962]}, "metadata": {"barcode": "el150800737368", "protocol": "2018-04-12_batch8\\20180412-5C_67per_4C_newstructure.sdu", "channel_id": 33, "parameters": {"init_pred_cycle": 10, "mid_pred_cycle": 91, "final_pred_cycle": 100, "n_nominal_cycles": 40}}, "@version": "2021.1.11.15"}