{"@module": "beep.featurize", "@class": "DeltaQFastCharge", "name": "/mnt/c/Users/sjrt1/Documents/School/Winter2021/DATA451/FastCharge/data-share/features/DeltaQFastCharge/FastCharge_000049_CH37_features_DeltaQFastCharge.json", "X": {"discharge_capacity_cycle_2": [1.0753652], "max_discharge_capacity_difference": [0.8812929000000003], "discharge_capacity_cycle_100": [1.085385], "integrated_time_temperature_cycles_1:100": [237035.0132446289], "charge_time_cycles_1:5": [588.7999877929688], "abs_min_discharge_capacity_difference_cycles_2:100": [-1.3360398871407946], "abs_mean_discharge_capacity_difference_cycles_2:100": [-1.6843654732879758], "abs_variance_discharge_capacity_difference_cycles_2:100": [-3.4108801036495597], "abs_skew_discharge_capacity_difference_cycles_2:100": [-1.4316848174641648], "abs_kurtosis_discharge_capacity_difference_cycles_2:100": [0.27101866024626725], "abs_first_discharge_capacity_difference_cycles_2:100": [-1.4149572266497719], "max_temperature_cycles_1:100": [39.087947845458984], "min_temperature_cycles_1:100": [29.841800689697266], "slope_discharge_capacity_cycle_number_2:100": [2.9958126159553826e-05], "intercept_discharge_capacity_cycle_number_2:100": [1.0835742452071728], "slope_discharge_capacity_cycle_number_91:100": [-4.2181212121189464e-05], "intercept_discharge_capacity_cycle_number_91:100": [1.0893116945454517], "min_internal_resistance_cycles_2:100": [0.020022187381982803], "internal_resistance_cycle_2": [0.020373433828353882], "internal_resistance_difference_cycles_2:100": [-9.566172957420349e-05], "nominal_capacity_by_median": [1.0851375500000002]}, "metadata": {"barcode": "el150800460528", "protocol": "2017-06-30_tests\\20170630-5_6C_25per_4_5C.sdu", "channel_id": 36, "parameters": {"init_pred_cycle": 10, "mid_pred_cycle": 91, "final_pred_cycle": 100, "n_nominal_cycles": 40}}, "@version": "2021.1.11.15"}