{"@module": "beep.featurize", "@class": "DeltaQFastCharge", "name": "/mnt/c/Users/sjrt1/Documents/School/Winter2021/DATA451/FastCharge/data-share/features/DeltaQFastCharge/FastCharge_000052_CH41_features_DeltaQFastCharge.json", "X": {"discharge_capacity_cycle_2": [1.0735563], "max_discharge_capacity_difference": [0.8256265000000003], "discharge_capacity_cycle_100": [1.0794616000000001], "integrated_time_temperature_cycles_1:100": [236474.0707722982], "charge_time_cycles_1:5": [588.7999877929688], "abs_min_discharge_capacity_difference_cycles_2:100": [-1.1946242537041765], "abs_mean_discharge_capacity_difference_cycles_2:100": [-1.5152199752073134], "abs_variance_discharge_capacity_difference_cycles_2:100": [-3.117776882705239], "abs_skew_discharge_capacity_difference_cycles_2:100": [-1.0197391721244637], "abs_kurtosis_discharge_capacity_difference_cycles_2:100": [0.2869468854946182], "abs_first_discharge_capacity_difference_cycles_2:100": [-1.2911595591041765], "max_temperature_cycles_1:100": [39.39713668823242], "min_temperature_cycles_1:100": [29.52454948425293], "slope_discharge_capacity_cycle_number_2:100": [-1.4395255411259095e-05], "intercept_discharge_capacity_cycle_number_2:100": [1.0819084556998557], "slope_discharge_capacity_cycle_number_91:100": [-7.934060606058561e-05], "intercept_discharge_capacity_cycle_number_91:100": [1.087530947272725], "min_internal_resistance_cycles_2:100": [0.016943704336881638], "internal_resistance_cycle_2": [0.017504751682281494], "internal_resistance_difference_cycles_2:100": [-0.00044908933341503143], "nominal_capacity_by_median": [1.08228245]}, "metadata": {"barcode": "el150800460526", "protocol": "2017-06-30_tests\\20170630-5_6C_5per_4_75C.sdu", "channel_id": 40, "parameters": {"init_pred_cycle": 10, "mid_pred_cycle": 91, "final_pred_cycle": 100, "n_nominal_cycles": 40}}, "@version": "2021.1.11.15"}