{"@module": "beep.featurize", "@class": "DeltaQFastCharge", "name": "/mnt/c/Users/sjrt1/Documents/School/Winter2021/DATA451/FastCharge/data-share/features/DeltaQFastCharge/FastCharge_000002_CH2_features_DeltaQFastCharge.json", "X": {"discharge_capacity_cycle_2": [1.063777], "max_discharge_capacity_difference": [0.49073010000000017], "discharge_capacity_cycle_100": [1.0665586999999999], "integrated_time_temperature_cycles_1:100": [153827.4619218948], "charge_time_cycles_1:5": [588.7999877929688], "abs_min_discharge_capacity_difference_cycles_2:100": [-1.5652696620134054], "abs_mean_discharge_capacity_difference_cycles_2:100": [-1.8938388933806327], "abs_variance_discharge_capacity_difference_cycles_2:100": [-3.8444683943189335], "abs_skew_discharge_capacity_difference_cycles_2:100": [-2.58092264942148], "abs_kurtosis_discharge_capacity_difference_cycles_2:100": [0.27177224784517234], "abs_first_discharge_capacity_difference_cycles_2:100": [-1.6551447804793065], "max_temperature_cycles_1:100": [36.23225402832031], "min_temperature_cycles_1:100": [30.598567962646484], "slope_discharge_capacity_cycle_number_2:100": [-4.303586889302227e-06], "intercept_discharge_capacity_cycle_number_2:100": [1.0676381773242625], "slope_discharge_capacity_cycle_number_91:100": [-3.720666666666087e-05], "intercept_discharge_capacity_cycle_number_91:100": [1.070223219999999], "min_internal_resistance_cycles_2:100": [0.015206913463771343], "internal_resistance_cycle_2": [0.0154414689168334], "internal_resistance_difference_cycles_2:100": [-0.00011431332677602768], "nominal_capacity_by_median": [1.06794655]}, "metadata": {"barcode": "el150800737315", "protocol": "2018-04-12_batch8\\20180412-5C_67per_4C_newstructure.sdu", "channel_id": 1, "parameters": {"init_pred_cycle": 10, "mid_pred_cycle": 91, "final_pred_cycle": 100, "n_nominal_cycles": 40}}, "@version": "2021.1.11.15"}