{"@module": "beep.featurize", "@class": "DeltaQFastCharge", "name": "/mnt/c/Users/sjrt1/Documents/School/Winter2021/DATA451/FastCharge/data-share/features/DeltaQFastCharge/FastCharge_000036_CH48_features_DeltaQFastCharge.json", "X": {"discharge_capacity_cycle_2": [1.0383378], "max_discharge_capacity_difference": [0.8789642], "discharge_capacity_cycle_100": [1.046985], "integrated_time_temperature_cycles_1:100": [223961.4962931315], "charge_time_cycles_1:5": [614.4000244140625], "abs_min_discharge_capacity_difference_cycles_2:100": [-1.5398064960697715], "abs_mean_discharge_capacity_difference_cycles_2:100": [-1.9718685626002623], "abs_variance_discharge_capacity_difference_cycles_2:100": [-3.926754886173214], "abs_skew_discharge_capacity_difference_cycles_2:100": [-0.48327676875721615], "abs_kurtosis_discharge_capacity_difference_cycles_2:100": [0.17234102166362433], "abs_first_discharge_capacity_difference_cycles_2:100": [-1.550354780540692], "max_temperature_cycles_1:100": [36.92367935180664], "min_temperature_cycles_1:100": [29.348474502563477], "slope_discharge_capacity_cycle_number_2:100": [-1.9888138528183153e-06], "intercept_discharge_capacity_cycle_number_2:100": [1.0489136457431454], "slope_discharge_capacity_cycle_number_91:100": [-8.167212121211272e-05], "intercept_discharge_capacity_cycle_number_91:100": [1.0551321454545444], "min_internal_resistance_cycles_2:100": [0.017025595530867577], "internal_resistance_cycle_2": [0.01793372631072998], "internal_resistance_difference_cycles_2:100": [-0.0008227992802858353], "nominal_capacity_by_median": [1.05005595]}, "metadata": {"barcode": "el150800460599", "protocol": "2017-06-30_tests\\20170630-6C_60per_3C.sdu", "channel_id": 47, "parameters": {"init_pred_cycle": 10, "mid_pred_cycle": 91, "final_pred_cycle": 100, "n_nominal_cycles": 40}}, "@version": "2021.1.11.15"}