{"@module": "beep.featurize", "@class": "DeltaQFastCharge", "name": "/mnt/c/Users/sjrt1/Documents/School/Winter2021/DATA451/FastCharge/data-share/features/DeltaQFastCharge/FastCharge_000004_CH3_features_DeltaQFastCharge.json", "X": {"discharge_capacity_cycle_2": [1.0295508], "max_discharge_capacity_difference": [0.6685110000000003], "discharge_capacity_cycle_100": [1.0342097], "integrated_time_temperature_cycles_1:100": [173415.78453369145], "charge_time_cycles_1:5": [819.2000122070312], "abs_min_discharge_capacity_difference_cycles_2:100": [-2.0558877023612387], "abs_mean_discharge_capacity_difference_cycles_2:100": [-2.6240984671658345], "abs_variance_discharge_capacity_difference_cycles_2:100": [-4.895644778597604], "abs_skew_discharge_capacity_difference_cycles_2:100": [-1.1573162025088697], "abs_kurtosis_discharge_capacity_difference_cycles_2:100": [0.011934439892046478], "abs_first_discharge_capacity_difference_cycles_2:100": [-2.1967892092146015], "max_temperature_cycles_1:100": [39.04987335205078], "min_temperature_cycles_1:100": [28.133153915405273], "slope_discharge_capacity_cycle_number_2:100": [-5.293223252946506e-06], "intercept_discharge_capacity_cycle_number_2:100": [1.0353340914656772], "slope_discharge_capacity_cycle_number_91:100": [-9.866666666541682e-07], "intercept_discharge_capacity_cycle_number_91:100": [1.0345870199999985], "min_internal_resistance_cycles_2:100": [0.01664477400481701], "internal_resistance_cycle_2": [0.017040561884641647], "internal_resistance_difference_cycles_2:100": [0.0003446098417043686], "nominal_capacity_by_median": [1.03561795]}, "metadata": {"barcode": "EL150800460623", "protocol": "2017-05-12_TESTS\\20170512-3_6C-80PER_3_6C.SDU", "channel_id": 2, "parameters": {"init_pred_cycle": 10, "mid_pred_cycle": 91, "final_pred_cycle": 100, "n_nominal_cycles": 40}}, "@version": "2021.1.11.15"}