{"@module": "beep.featurize", "@class": "DeltaQFastCharge", "name": "/mnt/c/Users/sjrt1/Documents/School/Winter2021/DATA451/FastCharge/data-share/features/DeltaQFastCharge/FastCharge_000057_CH35_features_DeltaQFastCharge.json", "X": {"discharge_capacity_cycle_2": [1.077118], "max_discharge_capacity_difference": [0.6060182000000001], "discharge_capacity_cycle_100": [1.0814290000000002], "integrated_time_temperature_cycles_1:100": [212892.86902720004], "charge_time_cycles_1:5": [614.4000244140625], "abs_min_discharge_capacity_difference_cycles_2:100": [-1.397163893003475], "abs_mean_discharge_capacity_difference_cycles_2:100": [-1.7082606865744008], "abs_variance_discharge_capacity_difference_cycles_2:100": [-3.5127630767084455], "abs_skew_discharge_capacity_difference_cycles_2:100": [-0.9961509711130125], "abs_kurtosis_discharge_capacity_difference_cycles_2:100": [0.27716989886803034], "abs_first_discharge_capacity_difference_cycles_2:100": [-1.4976989425702236], "max_temperature_cycles_1:100": [37.48399353027344], "min_temperature_cycles_1:100": [30.457618713378906], "slope_discharge_capacity_cycle_number_2:100": [-1.2034316635747936e-05], "intercept_discharge_capacity_cycle_number_2:100": [1.0833821057307766], "slope_discharge_capacity_cycle_number_91:100": [-3.5661818181796554e-05], "intercept_discharge_capacity_cycle_number_91:100": [1.0849797018181795], "min_internal_resistance_cycles_2:100": [0.015838004648685455], "internal_resistance_cycle_2": [0.01614498719573021], "internal_resistance_difference_cycles_2:100": [-1.741945743560791e-05], "nominal_capacity_by_median": [1.08359475]}, "metadata": {"barcode": "EL150800460615", "protocol": "2017-05-12_TESTS\\20170512-6C-50PER_3_6C.SDU", "channel_id": 34, "parameters": {"init_pred_cycle": 10, "mid_pred_cycle": 91, "final_pred_cycle": 100, "n_nominal_cycles": 40}}, "@version": "2021.1.11.15"}