{"@module": "beep.featurize", "@class": "DeltaQFastCharge", "name": "/mnt/c/Users/sjrt1/Documents/School/Winter2021/DATA451/FastCharge/data-share/features/DeltaQFastCharge/FastCharge_000024_CH45_features_DeltaQFastCharge.json", "X": {"discharge_capacity_cycle_2": [1.0664768999999998], "max_discharge_capacity_difference": [0.8898898000000004], "discharge_capacity_cycle_100": [1.0765824], "integrated_time_temperature_cycles_1:100": [234761.971484375], "charge_time_cycles_1:5": [588.7999877929688], "abs_min_discharge_capacity_difference_cycles_2:100": [-1.2746069195701808], "abs_mean_discharge_capacity_difference_cycles_2:100": [-1.6242630850880877], "abs_variance_discharge_capacity_difference_cycles_2:100": [-3.277832363577903], "abs_skew_discharge_capacity_difference_cycles_2:100": [-1.120944936382343], "abs_kurtosis_discharge_capacity_difference_cycles_2:100": [0.26710421096201414], "abs_first_discharge_capacity_difference_cycles_2:100": [-1.3241168306131208], "max_temperature_cycles_1:100": [39.44459533691406], "min_temperature_cycles_1:100": [29.683576583862305], "slope_discharge_capacity_cycle_number_2:100": [2.8250178107604202e-05], "intercept_discharge_capacity_cycle_number_2:100": [1.074837234528963], "slope_discharge_capacity_cycle_number_91:100": [-3.0030303030100215e-06], "intercept_discharge_capacity_cycle_number_91:100": [1.0768151563636341], "min_internal_resistance_cycles_2:100": [0.01740877702832222], "internal_resistance_cycle_2": [0.017798343673348427], "internal_resistance_difference_cycles_2:100": [-7.265061140060425e-05], "nominal_capacity_by_median": [1.07615475]}, "metadata": {"barcode": "el150800460474", "protocol": "2017-06-30_tests\\20170630-6C_40per_4C.sdu", "channel_id": 44, "parameters": {"init_pred_cycle": 10, "mid_pred_cycle": 91, "final_pred_cycle": 100, "n_nominal_cycles": 40}}, "@version": "2021.1.11.15"}