{"@module": "beep.featurize", "@class": "DeltaQFastCharge", "name": "/mnt/c/Users/sjrt1/Documents/School/Winter2021/DATA451/FastCharge/data-share/features/DeltaQFastCharge/FastCharge_000013_CH13_features_DeltaQFastCharge.json", "X": {"discharge_capacity_cycle_2": [1.0729031999999998], "max_discharge_capacity_difference": [0.6076909000000004], "discharge_capacity_cycle_100": [1.0817119], "integrated_time_temperature_cycles_1:100": [193514.3169433594], "charge_time_cycles_1:5": [716.7999877929688], "abs_min_discharge_capacity_difference_cycles_2:100": [-1.549730730076118], "abs_mean_discharge_capacity_difference_cycles_2:100": [-1.8471200303221509], "abs_variance_discharge_capacity_difference_cycles_2:100": [-3.800627837696254], "abs_skew_discharge_capacity_difference_cycles_2:100": [-0.8642784081091278], "abs_kurtosis_discharge_capacity_difference_cycles_2:100": [0.2816321251278294], "abs_first_discharge_capacity_difference_cycles_2:100": [-1.6819989909917032], "max_temperature_cycles_1:100": [37.61469268798828], "min_temperature_cycles_1:100": [29.98638916015625], "slope_discharge_capacity_cycle_number_2:100": [3.066572541743588e-05], "intercept_discharge_capacity_cycle_number_2:100": [1.0800830763553904], "slope_discharge_capacity_cycle_number_91:100": [-1.3456969696967756e-05], "intercept_discharge_capacity_cycle_number_91:100": [1.0830178636363632], "min_internal_resistance_cycles_2:100": [0.016397768631577492], "internal_resistance_cycle_2": [0.01667385920882225], "internal_resistance_difference_cycles_2:100": [1.7173588275909424e-06], "nominal_capacity_by_median": [1.08182895]}, "metadata": {"barcode": "EL150800463980", "protocol": "2017-05-12_TESTS\\20170512-5_4C-50PER_3C.SDU", "channel_id": 12, "parameters": {"init_pred_cycle": 10, "mid_pred_cycle": 91, "final_pred_cycle": 100, "n_nominal_cycles": 40}}, "@version": "2021.1.11.15"}