{"@module": "beep.featurize", "@class": "DeltaQFastCharge", "name": "/mnt/c/Users/sjrt1/Documents/School/Winter2021/DATA451/FastCharge/data-share/features/DeltaQFastCharge/FastCharge_000051_CH15_features_DeltaQFastCharge.json", "X": {"discharge_capacity_cycle_2": [1.0682120000000002], "max_discharge_capacity_difference": [0.6085845999999999], "discharge_capacity_cycle_100": [1.076214], "integrated_time_temperature_cycles_1:100": [191310.18913574223], "charge_time_cycles_1:5": [640.0], "abs_min_discharge_capacity_difference_cycles_2:100": [-1.5565384928001462], "abs_mean_discharge_capacity_difference_cycles_2:100": [-1.8974678303096597], "abs_variance_discharge_capacity_difference_cycles_2:100": [-3.848485943437775], "abs_skew_discharge_capacity_difference_cycles_2:100": [-1.6430444948566676], "abs_kurtosis_discharge_capacity_difference_cycles_2:100": [0.26827302454038227], "abs_first_discharge_capacity_difference_cycles_2:100": [-1.617622693855857], "max_temperature_cycles_1:100": [37.81881332397461], "min_temperature_cycles_1:100": [29.76963233947754], "slope_discharge_capacity_cycle_number_2:100": [3.0955470624609105e-05], "intercept_discharge_capacity_cycle_number_2:100": [1.0744744406101834], "slope_discharge_capacity_cycle_number_91:100": [-2.174909090907336e-05], "intercept_discharge_capacity_cycle_number_91:100": [1.078360269090907], "min_internal_resistance_cycles_2:100": [0.016649305820465088], "internal_resistance_cycle_2": [0.017163436859846115], "internal_resistance_difference_cycles_2:100": [-0.00011196732521057129], "nominal_capacity_by_median": [1.0756579]}, "metadata": {"barcode": "EL150800463838", "protocol": "2017-05-12_TESTS\\20170512-5_4C-60PER_3C.SDU", "channel_id": 14, "parameters": {"init_pred_cycle": 10, "mid_pred_cycle": 91, "final_pred_cycle": 100, "n_nominal_cycles": 40}}, "@version": "2021.1.11.15"}