{"@module": "beep.featurize", "@class": "DeltaQFastCharge", "name": "/mnt/c/Users/sjrt1/Documents/School/Winter2021/DATA451/FastCharge/data-share/features/DeltaQFastCharge/FastCharge_000007_CH24_features_DeltaQFastCharge.json", "X": {"discharge_capacity_cycle_2": [1.0677625], "max_discharge_capacity_difference": [0.4952268999999998], "discharge_capacity_cycle_100": [1.0694], "integrated_time_temperature_cycles_1:100": [157238.2027782881], "charge_time_cycles_1:5": [614.4000244140625], "abs_min_discharge_capacity_difference_cycles_2:100": [-1.5332076357473206], "abs_mean_discharge_capacity_difference_cycles_2:100": [-1.868720478136982], "abs_variance_discharge_capacity_difference_cycles_2:100": [-3.781876198501143], "abs_skew_discharge_capacity_difference_cycles_2:100": [-1.3074748876758426], "abs_kurtosis_discharge_capacity_difference_cycles_2:100": [0.2673418859706441], "abs_first_discharge_capacity_difference_cycles_2:100": [-1.5773148886643957], "max_temperature_cycles_1:100": [37.344581604003906], "min_temperature_cycles_1:100": [30.48859977722168], "slope_discharge_capacity_cycle_number_2:100": [-9.142940012367722e-06], "intercept_discharge_capacity_cycle_number_2:100": [1.0709877389198097], "slope_discharge_capacity_cycle_number_91:100": [-8.956787878788788e-05], "intercept_discharge_capacity_cycle_number_91:100": [1.077952034545455], "min_internal_resistance_cycles_2:100": [0.015257280319929123], "internal_resistance_cycle_2": [0.015443466603755951], "internal_resistance_difference_cycles_2:100": [-0.00011454150080680847], "nominal_capacity_by_median": [1.07111845]}, "metadata": {"barcode": "el150800737386", "protocol": "2018-04-12_batch8\\20180412-5_9C_15per_4_6C_newstructure.sdu", "channel_id": 23, "parameters": {"init_pred_cycle": 10, "mid_pred_cycle": 91, "final_pred_cycle": 100, "n_nominal_cycles": 40}}, "@version": "2021.1.11.15"}