{"@module": "beep.featurize", "@class": "DeltaQFastCharge", "name": "/mnt/c/Users/sjrt1/Documents/School/Winter2021/DATA451/FastCharge/data-share/features/DeltaQFastCharge/FastCharge_000017_CH9_features_DeltaQFastCharge.json", "X": {"discharge_capacity_cycle_2": [1.0688018], "max_discharge_capacity_difference": [0.49768920000000016], "discharge_capacity_cycle_100": [1.0709292], "integrated_time_temperature_cycles_1:100": [205047.46091715488], "charge_time_cycles_1:5": [640.0], "abs_min_discharge_capacity_difference_cycles_2:100": [-1.788683395561863], "abs_mean_discharge_capacity_difference_cycles_2:100": [-2.1490137092737287], "abs_variance_discharge_capacity_difference_cycles_2:100": [-4.283175829647258], "abs_skew_discharge_capacity_difference_cycles_2:100": [-0.7545786430124095], "abs_kurtosis_discharge_capacity_difference_cycles_2:100": [0.2645276347229233], "abs_first_discharge_capacity_difference_cycles_2:100": [-1.840697448416456], "max_temperature_cycles_1:100": [35.08553695678711], "min_temperature_cycles_1:100": [30.62008285522461], "slope_discharge_capacity_cycle_number_2:100": [1.6994693877522678e-06], "intercept_discharge_capacity_cycle_number_2:100": [1.0713574164296018], "slope_discharge_capacity_cycle_number_91:100": [-2.4123636363639815e-05], "intercept_discharge_capacity_cycle_number_91:100": [1.0733433836363637], "min_internal_resistance_cycles_2:100": [0.015557318925857544], "internal_resistance_cycle_2": [0.015778109431266785], "internal_resistance_difference_cycles_2:100": [-0.00011894479393959045], "nominal_capacity_by_median": [1.0715981499999998]}, "metadata": {"barcode": "el150800739484", "protocol": "2018-04-12_batch8\\20180412-4_8C_80per_4_8C_newstructure.sdu", "channel_id": 8, "parameters": {"init_pred_cycle": 10, "mid_pred_cycle": 91, "final_pred_cycle": 100, "n_nominal_cycles": 40}}, "@version": "2021.1.11.15"}