{"@module": "beep.featurize", "@class": "DeltaQFastCharge", "name": "/mnt/c/Users/sjrt1/Documents/School/Winter2021/DATA451/FastCharge/data-share/features/DeltaQFastCharge/FastCharge_000006_CH11_features_DeltaQFastCharge.json", "X": {"discharge_capacity_cycle_2": [1.0642239], "max_discharge_capacity_difference": [0.4925607999999999], "discharge_capacity_cycle_100": [1.0665125], "integrated_time_temperature_cycles_1:100": [209101.8397542318], "charge_time_cycles_1:5": [563.2000122070312], "abs_min_discharge_capacity_difference_cycles_2:100": [-1.6627138383850455], "abs_mean_discharge_capacity_difference_cycles_2:100": [-2.0308742588543853], "abs_variance_discharge_capacity_difference_cycles_2:100": [-4.055060080215673], "abs_skew_discharge_capacity_difference_cycles_2:100": [-0.7464254331897207], "abs_kurtosis_discharge_capacity_difference_cycles_2:100": [0.2551759514747987], "abs_first_discharge_capacity_difference_cycles_2:100": [-1.7219137249043217], "max_temperature_cycles_1:100": [38.707847595214844], "min_temperature_cycles_1:100": [31.221145629882812], "slope_discharge_capacity_cycle_number_2:100": [-1.1830170686464501e-05], "intercept_discharge_capacity_cycle_number_2:100": [1.068290414594929], "slope_discharge_capacity_cycle_number_91:100": [-7.243030303029691e-05], "intercept_discharge_capacity_cycle_number_91:100": [1.0736117036363628], "min_internal_resistance_cycles_2:100": [0.014931545592844486], "internal_resistance_cycle_2": [0.015168298035860062], "internal_resistance_difference_cycles_2:100": [-0.00011319480836391449], "nominal_capacity_by_median": [1.0683696]}, "metadata": {"barcode": "el150800737313", "protocol": "2018-04-12_batch8\\20180412-5_3C_54per_4C_newstructure.sdu", "channel_id": 10, "parameters": {"init_pred_cycle": 10, "mid_pred_cycle": 91, "final_pred_cycle": 100, "n_nominal_cycles": 40}}, "@version": "2021.1.11.15"}