{"@module": "beep.featurize", "@class": "DeltaQFastCharge", "name": "/mnt/c/Users/sjrt1/Documents/School/Winter2021/DATA451/FastCharge/data-share/features/DeltaQFastCharge/FastCharge_000003_CH39_features_DeltaQFastCharge.json", "X": {"discharge_capacity_cycle_2": [1.0739927], "max_discharge_capacity_difference": [0.6067739000000001], "discharge_capacity_cycle_100": [1.0794165], "integrated_time_temperature_cycles_1:100": [210004.8976512], "charge_time_cycles_1:5": [640.0], "abs_min_discharge_capacity_difference_cycles_2:100": [-1.4317209215650537], "abs_mean_discharge_capacity_difference_cycles_2:100": [-1.8239204808250553], "abs_variance_discharge_capacity_difference_cycles_2:100": [-3.6622625313848136], "abs_skew_discharge_capacity_difference_cycles_2:100": [-0.6377573063077836], "abs_kurtosis_discharge_capacity_difference_cycles_2:100": [0.21004215339913926], "abs_first_discharge_capacity_difference_cycles_2:100": [-1.465114349176165], "max_temperature_cycles_1:100": [37.24092483520508], "min_temperature_cycles_1:100": [29.709148406982422], "slope_discharge_capacity_cycle_number_2:100": [3.773016697583789e-06], "intercept_discharge_capacity_cycle_number_2:100": [1.079826529973201], "slope_discharge_capacity_cycle_number_91:100": [-2.7695151515136912e-05], "intercept_discharge_capacity_cycle_number_91:100": [1.08222412181818], "min_internal_resistance_cycles_2:100": [0.016567617654800415], "internal_resistance_cycle_2": [0.01706472784280777], "internal_resistance_difference_cycles_2:100": [-0.0001125037670135498], "nominal_capacity_by_median": [1.0804635500000002]}, "metadata": {"barcode": "EL150800460525", "protocol": "2017-05-12_TESTS\\20170512-7C-30PER_3_6C.SDU", "channel_id": 38, "parameters": {"init_pred_cycle": 10, "mid_pred_cycle": 91, "final_pred_cycle": 100, "n_nominal_cycles": 40}}, "@version": "2021.1.11.15"}