{"@module": "beep.featurize", "@class": "DeltaQFastCharge", "name": "/mnt/c/Users/sjrt1/Documents/School/Winter2021/DATA451/FastCharge/data-share/features/DeltaQFastCharge/FastCharge_000002_CH7_features_DeltaQFastCharge.json", "X": {"discharge_capacity_cycle_2": [1.0691667999999999], "max_discharge_capacity_difference": [0.49482000000000026], "discharge_capacity_cycle_100": [1.0724851999999998], "integrated_time_temperature_cycles_1:100": [211404.10354817705], "charge_time_cycles_1:5": [588.7999877929688], "abs_min_discharge_capacity_difference_cycles_2:100": [-1.795305085722791], "abs_mean_discharge_capacity_difference_cycles_2:100": [-2.6480577821580016], "abs_variance_discharge_capacity_difference_cycles_2:100": [-4.369477496017441], "abs_skew_discharge_capacity_difference_cycles_2:100": [-0.028145270265992294], "abs_kurtosis_discharge_capacity_difference_cycles_2:100": [-0.8720268643056049], "abs_first_discharge_capacity_difference_cycles_2:100": [-1.798360019926207], "max_temperature_cycles_1:100": [38.634735107421875], "min_temperature_cycles_1:100": [30.366573333740234], "slope_discharge_capacity_cycle_number_2:100": [5.5822646876948984e-06], "intercept_discharge_capacity_cycle_number_2:100": [1.0725724685837967], "slope_discharge_capacity_cycle_number_91:100": [-5.1341212121221015e-05], "intercept_discharge_capacity_cycle_number_91:100": [1.0774679145454549], "min_internal_resistance_cycles_2:100": [0.01555040292441845], "internal_resistance_cycle_2": [0.016045743599534035], "internal_resistance_difference_cycles_2:100": [-0.00038790516555309296], "nominal_capacity_by_median": [1.07306195]}, "metadata": {"barcode": "el150800737367", "protocol": "2018-04-12_batch8\\20180412-5C_67per_4C_newstructure.sdu", "channel_id": 6, "parameters": {"init_pred_cycle": 10, "mid_pred_cycle": 91, "final_pred_cycle": 100, "n_nominal_cycles": 40}}, "@version": "2021.1.11.15"}