{"@module": "beep.featurize", "@class": "DeltaQFastCharge", "name": "/mnt/c/Users/sjrt1/Documents/School/Winter2021/DATA451/FastCharge/data-share/features/DeltaQFastCharge/FastCharge_000063_CH5_features_DeltaQFastCharge.json", "X": {"discharge_capacity_cycle_2": [1.0769014], "max_discharge_capacity_difference": [0.5968541], "discharge_capacity_cycle_100": [1.084765], "integrated_time_temperature_cycles_1:100": [177201.71405029297], "charge_time_cycles_1:5": [742.4000244140625], "abs_min_discharge_capacity_difference_cycles_2:100": [-1.7379807226282526], "abs_mean_discharge_capacity_difference_cycles_2:100": [-2.050930632616789], "abs_variance_discharge_capacity_difference_cycles_2:100": [-4.217241127987834], "abs_skew_discharge_capacity_difference_cycles_2:100": [-0.9043153838564583], "abs_kurtosis_discharge_capacity_difference_cycles_2:100": [0.27269838934514956], "abs_first_discharge_capacity_difference_cycles_2:100": [-1.865326015534378], "max_temperature_cycles_1:100": [31.69141387939453], "min_temperature_cycles_1:100": [29.023618698120117], "slope_discharge_capacity_cycle_number_2:100": [2.2136834879399327e-05], "intercept_discharge_capacity_cycle_number_2:100": [1.0837628511853223], "slope_discharge_capacity_cycle_number_91:100": [-6.305454545433663e-06], "intercept_discharge_capacity_cycle_number_91:100": [1.0853864654545429], "min_internal_resistance_cycles_2:100": [0.016098134219646454], "internal_resistance_cycle_2": [0.01645677350461483], "internal_resistance_difference_cycles_2:100": [-6.940588355064392e-05], "nominal_capacity_by_median": [1.0849459000000001]}, "metadata": {"barcode": "EL150800464977", "protocol": "2017-05-12_TESTS\\20170512-4C-80PER_4C.SDU", "channel_id": 4, "parameters": {"init_pred_cycle": 10, "mid_pred_cycle": 91, "final_pred_cycle": 100, "n_nominal_cycles": 40}}, "@version": "2021.1.11.15"}