{"@module": "beep.featurize", "@class": "DeltaQFastCharge", "name": "/mnt/c/Users/sjrt1/Documents/School/Winter2021/DATA451/FastCharge/data-share/features/DeltaQFastCharge/FastCharge_000046_CH32_features_DeltaQFastCharge.json", "X": {"discharge_capacity_cycle_2": [1.0765325000000001], "max_discharge_capacity_difference": [0.608196], "discharge_capacity_cycle_100": [1.0817219999999999], "integrated_time_temperature_cycles_1:100": [208804.1744018555], "charge_time_cycles_1:5": [665.5999755859375], "abs_min_discharge_capacity_difference_cycles_2:100": [-1.53027661634024], "abs_mean_discharge_capacity_difference_cycles_2:100": [-1.862525640004476], "abs_variance_discharge_capacity_difference_cycles_2:100": [-3.7945229641587184], "abs_skew_discharge_capacity_difference_cycles_2:100": [-1.5976072689871785], "abs_kurtosis_discharge_capacity_difference_cycles_2:100": [0.27391330936162933], "abs_first_discharge_capacity_difference_cycles_2:100": [-1.5914052581110965], "max_temperature_cycles_1:100": [36.165897369384766], "min_temperature_cycles_1:100": [29.545927047729492], "slope_discharge_capacity_cycle_number_2:100": [-2.8815572047086733e-06], "intercept_discharge_capacity_cycle_number_2:100": [1.0825530303854873], "slope_discharge_capacity_cycle_number_91:100": [-1.9088484848499224e-05], "intercept_discharge_capacity_cycle_number_91:100": [1.0836114818181828], "min_internal_resistance_cycles_2:100": [0.016472535207867622], "internal_resistance_cycle_2": [0.017012277618050575], "internal_resistance_difference_cycles_2:100": [-9.180977940559387e-05], "nominal_capacity_by_median": [1.08292095]}, "metadata": {"barcode": "EL150800460477", "protocol": "2017-05-12_TESTS\\20170512-6C-30PER_3_6C.SDU", "channel_id": 31, "parameters": {"init_pred_cycle": 10, "mid_pred_cycle": 91, "final_pred_cycle": 100, "n_nominal_cycles": 40}}, "@version": "2021.1.11.15"}