{"@module": "beep.featurize", "@class": "DeltaQFastCharge", "name": "/mnt/c/Users/sjrt1/Documents/School/Winter2021/DATA451/FastCharge/data-share/features/DeltaQFastCharge/FastCharge_000028_CH19_features_DeltaQFastCharge.json", "X": {"discharge_capacity_cycle_2": [1.0874287], "max_discharge_capacity_difference": [0.5929268000000001], "discharge_capacity_cycle_100": [1.0941646], "integrated_time_temperature_cycles_1:100": [208107.83409423826], "charge_time_cycles_1:5": [665.5999755859375], "abs_min_discharge_capacity_difference_cycles_2:100": [-1.5081984243297033], "abs_mean_discharge_capacity_difference_cycles_2:100": [-1.8333975812631613], "abs_variance_discharge_capacity_difference_cycles_2:100": [-3.7380850639022642], "abs_skew_discharge_capacity_difference_cycles_2:100": [-1.3976992259210141], "abs_kurtosis_discharge_capacity_difference_cycles_2:100": [0.27677489291347607], "abs_first_discharge_capacity_difference_cycles_2:100": [-1.6037770405375171], "max_temperature_cycles_1:100": [35.16098403930664], "min_temperature_cycles_1:100": [30.008882522583008], "slope_discharge_capacity_cycle_number_2:100": [1.0273045145326408e-05], "intercept_discharge_capacity_cycle_number_2:100": [1.0941905356215211], "slope_discharge_capacity_cycle_number_91:100": [-1.3481818181783397e-05], "intercept_discharge_capacity_cycle_number_91:100": [1.095524001818178], "min_internal_resistance_cycles_2:100": [0.01653897389769554], "internal_resistance_cycle_2": [0.016753897070884705], "internal_resistance_difference_cycles_2:100": [7.656589150428772e-05], "nominal_capacity_by_median": [1.0950827000000003]}, "metadata": {"barcode": "EL150800464898", "protocol": "2017-05-12_TESTS\\20170512-5_4C-40PER_3_6C.SDU", "channel_id": 18, "parameters": {"init_pred_cycle": 10, "mid_pred_cycle": 91, "final_pred_cycle": 100, "n_nominal_cycles": 40}}, "@version": "2021.1.11.15"}