{"@module": "beep.featurize", "@class": "DeltaQFastCharge", "name": "/mnt/c/Users/sjrt1/Documents/School/Winter2021/DATA451/FastCharge/data-share/features/DeltaQFastCharge/FastCharge_000019_CH29_features_DeltaQFastCharge.json", "X": {"discharge_capacity_cycle_2": [1.0751325], "max_discharge_capacity_difference": [0.6090541], "discharge_capacity_cycle_100": [1.0794117], "integrated_time_temperature_cycles_1:100": [210774.07597226673], "charge_time_cycles_1:5": [537.5999755859375], "abs_min_discharge_capacity_difference_cycles_2:100": [-1.3452041194833955], "abs_mean_discharge_capacity_difference_cycles_2:100": [-1.6570791462786618], "abs_variance_discharge_capacity_difference_cycles_2:100": [-3.4091849305546837], "abs_skew_discharge_capacity_difference_cycles_2:100": [-1.0046728736692239], "abs_kurtosis_discharge_capacity_difference_cycles_2:100": [0.2795454465665516], "abs_first_discharge_capacity_difference_cycles_2:100": [-1.428295500383392], "max_temperature_cycles_1:100": [37.14435958862305], "min_temperature_cycles_1:100": [30.193592071533203], "slope_discharge_capacity_cycle_number_2:100": [-8.620910327767727e-06], "intercept_discharge_capacity_cycle_number_2:100": [1.0810595869305295], "slope_discharge_capacity_cycle_number_91:100": [-3.6769090909091995e-05], "intercept_discharge_capacity_cycle_number_91:100": [1.0830768290909092], "min_internal_resistance_cycles_2:100": [0.01593349501490593], "internal_resistance_cycle_2": [0.016322193667292595], "internal_resistance_difference_cycles_2:100": [-3.970228135585785e-05], "nominal_capacity_by_median": [1.0812504]}, "metadata": {"barcode": "EL150800460640", "protocol": "2017-05-12_TESTS\\20170512-6C-60PER_3C.SDU", "channel_id": 28, "parameters": {"init_pred_cycle": 10, "mid_pred_cycle": 91, "final_pred_cycle": 100, "n_nominal_cycles": 40}}, "@version": "2021.1.11.15"}