{"@module": "beep.featurize", "@class": "DeltaQFastCharge", "name": "/mnt/c/Users/sjrt1/Documents/School/Winter2021/DATA451/FastCharge/data-share/features/DeltaQFastCharge/FastCharge_000064_CH39_features_DeltaQFastCharge.json", "X": {"discharge_capacity_cycle_2": [1.0661006000000002], "max_discharge_capacity_difference": [0.8944284999999998], "discharge_capacity_cycle_100": [1.0746076], "integrated_time_temperature_cycles_1:100": [228743.53772786458], "charge_time_cycles_1:5": [588.7999877929688], "abs_min_discharge_capacity_difference_cycles_2:100": [-1.258658614954979], "abs_mean_discharge_capacity_difference_cycles_2:100": [-1.5857308260151501], "abs_variance_discharge_capacity_difference_cycles_2:100": [-3.232450064025242], "abs_skew_discharge_capacity_difference_cycles_2:100": [-2.3668259925408957], "abs_kurtosis_discharge_capacity_difference_cycles_2:100": [0.2754709979174704], "abs_first_discharge_capacity_difference_cycles_2:100": [-1.3042481646730628], "max_temperature_cycles_1:100": [37.465702056884766], "min_temperature_cycles_1:100": [29.400135040283203], "slope_discharge_capacity_cycle_number_2:100": [2.201744959801202e-05], "intercept_discharge_capacity_cycle_number_2:100": [1.0737575315605032], "slope_discharge_capacity_cycle_number_91:100": [-3.685212121212338e-05], "intercept_discharge_capacity_cycle_number_91:100": [1.0783284054545452], "min_internal_resistance_cycles_2:100": [0.017577264457941055], "internal_resistance_cycle_2": [0.017908165231347084], "internal_resistance_difference_cycles_2:100": [-0.00015271827578544617], "nominal_capacity_by_median": [1.07477965]}, "metadata": {"barcode": "el150800460649", "protocol": "2017-06-30_tests\\20170630-5_6C_47per_4C.sdu", "channel_id": 38, "parameters": {"init_pred_cycle": 10, "mid_pred_cycle": 91, "final_pred_cycle": 100, "n_nominal_cycles": 40}}, "@version": "2021.1.11.15"}