{"@module": "beep.featurize", "@class": "DeltaQFastCharge", "name": "/mnt/c/Users/sjrt1/Documents/School/Winter2021/DATA451/FastCharge/data-share/features/DeltaQFastCharge/FastCharge_000015_CH22_features_DeltaQFastCharge.json", "X": {"discharge_capacity_cycle_2": [1.0642038999999999], "max_discharge_capacity_difference": [0.49070459999999994], "discharge_capacity_cycle_100": [1.0673371999999999], "integrated_time_temperature_cycles_1:100": [159757.32447381347], "charge_time_cycles_1:5": [563.2000122070312], "abs_min_discharge_capacity_difference_cycles_2:100": [-1.5362659899032856], "abs_mean_discharge_capacity_difference_cycles_2:100": [-1.8911629484285868], "abs_variance_discharge_capacity_difference_cycles_2:100": [-3.8066856425444153], "abs_skew_discharge_capacity_difference_cycles_2:100": [-0.9692244605655629], "abs_kurtosis_discharge_capacity_difference_cycles_2:100": [0.25935136815382315], "abs_first_discharge_capacity_difference_cycles_2:100": [-1.597650509897731], "max_temperature_cycles_1:100": [37.803340911865234], "min_temperature_cycles_1:100": [31.00840950012207], "slope_discharge_capacity_cycle_number_2:100": [-8.581501546068656e-06], "intercept_discharge_capacity_cycle_number_2:100": [1.0691113730571011], "slope_discharge_capacity_cycle_number_91:100": [-5.321272727277324e-05], "intercept_discharge_capacity_cycle_number_91:100": [1.0725819327272768], "min_internal_resistance_cycles_2:100": [0.015064490027725697], "internal_resistance_cycle_2": [0.015258422121405602], "internal_resistance_difference_cycles_2:100": [-0.00015304237604141235], "nominal_capacity_by_median": [1.0694605]}, "metadata": {"barcode": "el150800737319", "protocol": "2018-04-12_batch8\\20180412-5_6C_19per_4_6C_newstructure.sdu", "channel_id": 21, "parameters": {"init_pred_cycle": 10, "mid_pred_cycle": 91, "final_pred_cycle": 100, "n_nominal_cycles": 40}}, "@version": "2021.1.11.15"}