{"@module": "beep.featurize", "@class": "DeltaQFastCharge", "name": "/mnt/c/Users/sjrt1/Documents/School/Winter2021/DATA451/FastCharge/data-share/features/DeltaQFastCharge/FastCharge_000010_CH44_features_DeltaQFastCharge.json", "X": {"discharge_capacity_cycle_2": [1.0691837], "max_discharge_capacity_difference": [0.8947461999999999], "discharge_capacity_cycle_100": [1.0791458], "integrated_time_temperature_cycles_1:100": [234904.27615966796], "charge_time_cycles_1:5": [588.7999877929688], "abs_min_discharge_capacity_difference_cycles_2:100": [-1.239314026695017], "abs_mean_discharge_capacity_difference_cycles_2:100": [-1.5622390251526805], "abs_variance_discharge_capacity_difference_cycles_2:100": [-3.1856134499536246], "abs_skew_discharge_capacity_difference_cycles_2:100": [-1.4738051540255248], "abs_kurtosis_discharge_capacity_difference_cycles_2:100": [0.28130960393971144], "abs_first_discharge_capacity_difference_cycles_2:100": [-1.280256855541866], "max_temperature_cycles_1:100": [38.90525817871094], "min_temperature_cycles_1:100": [29.649295806884766], "slope_discharge_capacity_cycle_number_2:100": [1.9164745825601282e-05], "intercept_discharge_capacity_cycle_number_2:100": [1.0785561495774065], "slope_discharge_capacity_cycle_number_91:100": [-4.075393939392209e-05], "intercept_discharge_capacity_cycle_number_91:100": [1.0830295672727253], "min_internal_resistance_cycles_2:100": [0.01787979155778885], "internal_resistance_cycle_2": [0.018279194831848145], "internal_resistance_difference_cycles_2:100": [-0.00017424672842025757], "nominal_capacity_by_median": [1.0797824999999999]}, "metadata": {"barcode": "el150800460498", "protocol": "2017-06-30_tests\\20170630-6C_31per_4_25C.sdu", "channel_id": 43, "parameters": {"init_pred_cycle": 10, "mid_pred_cycle": 91, "final_pred_cycle": 100, "n_nominal_cycles": 40}}, "@version": "2021.1.11.15"}