{"@module": "beep.featurize", "@class": "DeltaQFastCharge", "name": "/mnt/c/Users/sjrt1/Documents/School/Winter2021/DATA451/FastCharge/data-share/features/DeltaQFastCharge/FastCharge_000012_CH21_features_DeltaQFastCharge.json", "X": {"discharge_capacity_cycle_2": [1.0731678], "max_discharge_capacity_difference": [0.4957510999999999], "discharge_capacity_cycle_100": [1.0755825], "integrated_time_temperature_cycles_1:100": [212301.34836018883], "charge_time_cycles_1:5": [537.5999755859375], "abs_min_discharge_capacity_difference_cycles_2:100": [-1.5060365660355506], "abs_mean_discharge_capacity_difference_cycles_2:100": [-1.840540872038292], "abs_variance_discharge_capacity_difference_cycles_2:100": [-3.7298440894407334], "abs_skew_discharge_capacity_difference_cycles_2:100": [-1.3563393737276366], "abs_kurtosis_discharge_capacity_difference_cycles_2:100": [0.26634391030950993], "abs_first_discharge_capacity_difference_cycles_2:100": [-1.5409801042249012], "max_temperature_cycles_1:100": [36.1158561706543], "min_temperature_cycles_1:100": [30.951786041259766], "slope_discharge_capacity_cycle_number_2:100": [-4.264306740882672e-06], "intercept_discharge_capacity_cycle_number_2:100": [1.0765246910946196], "slope_discharge_capacity_cycle_number_91:100": [-2.0665454545437022e-05], "intercept_discharge_capacity_cycle_number_91:100": [1.0776429254545432], "min_internal_resistance_cycles_2:100": [0.015997540205717087], "internal_resistance_cycle_2": [0.016181953251361847], "internal_resistance_difference_cycles_2:100": [-7.895007729530334e-05], "nominal_capacity_by_median": [1.07679595]}, "metadata": {"barcode": "el150800737314", "protocol": "2018-04-12_batch8\\20180412-5_6C_36per_4_3C_newstructure.sdu", "channel_id": 20, "parameters": {"init_pred_cycle": 10, "mid_pred_cycle": 91, "final_pred_cycle": 100, "n_nominal_cycles": 40}}, "@version": "2021.1.11.15"}