{"@module": "beep.featurize", "@class": "DeltaQFastCharge", "name": "/mnt/c/Users/sjrt1/Documents/School/Winter2021/DATA451/FastCharge/data-share/features/DeltaQFastCharge/FastCharge_000045_CH1_features_DeltaQFastCharge.json", "X": {"discharge_capacity_cycle_2": [1.0691586000000002], "max_discharge_capacity_difference": [0.6096047999999996], "discharge_capacity_cycle_100": [1.0758784], "integrated_time_temperature_cycles_1:100": [194523.33123779297], "charge_time_cycles_1:5": [768.0], "abs_min_discharge_capacity_difference_cycles_2:100": [-2.0951647157310176], "abs_mean_discharge_capacity_difference_cycles_2:100": [-2.437231450871454], "abs_variance_discharge_capacity_difference_cycles_2:100": [-4.927912692488879], "abs_skew_discharge_capacity_difference_cycles_2:100": [-1.101336936823674], "abs_kurtosis_discharge_capacity_difference_cycles_2:100": [0.2721507227736767], "abs_first_discharge_capacity_difference_cycles_2:100": [-2.165203931401619], "max_temperature_cycles_1:100": [35.99470520019531], "min_temperature_cycles_1:100": [29.012250900268555], "slope_discharge_capacity_cycle_number_2:100": [-0.00019697820037105587], "intercept_discharge_capacity_cycle_number_2:100": [1.090377262543805], "slope_discharge_capacity_cycle_number_91:100": [9.864848484883374e-06], "intercept_discharge_capacity_cycle_number_91:100": [1.074887101818178], "min_internal_resistance_cycles_2:100": [0.01644374430179596], "internal_resistance_cycle_2": [0.01676526479423046], "internal_resistance_difference_cycles_2:100": [-8.495897054672241e-05], "nominal_capacity_by_median": [1.07645405]}, "metadata": {"barcode": "EL150800460514", "protocol": "2017-05-12_TESTS\\20170512-3_6C-80PER_3_6C.SDU", "channel_id": 0, "parameters": {"init_pred_cycle": 10, "mid_pred_cycle": 91, "final_pred_cycle": 100, "n_nominal_cycles": 40}}, "@version": "2021.1.11.15"}