{"@module": "beep.featurize", "@class": "DeltaQFastCharge", "name": "/mnt/c/Users/sjrt1/Documents/School/Winter2021/DATA451/FastCharge/data-share/features/DeltaQFastCharge/FastCharge_000015_CH28_features_DeltaQFastCharge.json", "X": {"discharge_capacity_cycle_2": [1.0674671999999998], "max_discharge_capacity_difference": [0.4977206000000003], "discharge_capacity_cycle_100": [1.0671083000000001], "integrated_time_temperature_cycles_1:100": [212013.87903645838], "charge_time_cycles_1:5": [640.0], "abs_min_discharge_capacity_difference_cycles_2:100": [-1.6402813827386273], "abs_mean_discharge_capacity_difference_cycles_2:100": [-1.9951067805439526], "abs_variance_discharge_capacity_difference_cycles_2:100": [-4.005080097988175], "abs_skew_discharge_capacity_difference_cycles_2:100": [-0.9601661758992429], "abs_kurtosis_discharge_capacity_difference_cycles_2:100": [0.263721895425892], "abs_first_discharge_capacity_difference_cycles_2:100": [-1.724401357110927], "max_temperature_cycles_1:100": [38.5187873840332], "min_temperature_cycles_1:100": [32.02079772949219], "slope_discharge_capacity_cycle_number_2:100": [-2.7270560296848578e-05], "intercept_discharge_capacity_cycle_number_2:100": [1.0702371411461553], "slope_discharge_capacity_cycle_number_91:100": [-6.482303030302372e-05], "intercept_discharge_capacity_cycle_number_91:100": [1.0735348963636355], "min_internal_resistance_cycles_2:100": [0.014978202991187572], "internal_resistance_cycle_2": [0.015133778564631939], "internal_resistance_difference_cycles_2:100": [-8.228234946727753e-05], "nominal_capacity_by_median": [1.0698500499999999]}, "metadata": {"barcode": "el150800737274", "protocol": "2018-04-12_batch8\\20180412-5_6C_19per_4_6C_newstructure.sdu", "channel_id": 27, "parameters": {"init_pred_cycle": 10, "mid_pred_cycle": 91, "final_pred_cycle": 100, "n_nominal_cycles": 40}}, "@version": "2021.1.11.15"}