{"@module": "beep.featurize", "@class": "DeltaQFastCharge", "name": "/mnt/c/Users/sjrt1/Documents/School/Winter2021/DATA451/FastCharge/data-share/features/DeltaQFastCharge/FastCharge_000069_CH25_features_DeltaQFastCharge.json", "X": {"discharge_capacity_cycle_2": [1.0682162], "max_discharge_capacity_difference": [0.8877553], "discharge_capacity_cycle_100": [1.0767563999999998], "integrated_time_temperature_cycles_1:100": [233369.17722981772], "charge_time_cycles_1:5": [588.7999877929688], "abs_min_discharge_capacity_difference_cycles_2:100": [-1.3932129358183354], "abs_mean_discharge_capacity_difference_cycles_2:100": [-1.7321086392850547], "abs_variance_discharge_capacity_difference_cycles_2:100": [-3.5058895969515973], "abs_skew_discharge_capacity_difference_cycles_2:100": [-1.7997335585826972], "abs_kurtosis_discharge_capacity_difference_cycles_2:100": [0.2749624272553964], "abs_first_discharge_capacity_difference_cycles_2:100": [-1.4416835477118974], "max_temperature_cycles_1:100": [38.591678619384766], "min_temperature_cycles_1:100": [29.461448669433594], "slope_discharge_capacity_cycle_number_2:100": [1.235737414965445e-05], "intercept_discharge_capacity_cycle_number_2:100": [1.0760005565450421], "slope_discharge_capacity_cycle_number_91:100": [-5.1166666666654e-05], "intercept_discharge_capacity_cycle_number_91:100": [1.0814867799999983], "min_internal_resistance_cycles_2:100": [0.016861969605088234], "internal_resistance_cycle_2": [0.017309054732322693], "internal_resistance_difference_cycles_2:100": [-0.0003258492797613144], "nominal_capacity_by_median": [1.07693975]}, "metadata": {"barcode": "el150800460610", "protocol": "2017-06-30_tests\\20170630-4_9C_61per_4_5C.sdu", "channel_id": 24, "parameters": {"init_pred_cycle": 10, "mid_pred_cycle": 91, "final_pred_cycle": 100, "n_nominal_cycles": 40}}, "@version": "2021.1.11.15"}