{"@module": "beep.featurize", "@class": "DeltaQFastCharge", "name": "/mnt/c/Users/sjrt1/Documents/School/Winter2021/DATA451/FastCharge/data-share/features/DeltaQFastCharge/FastCharge_000006_CH35_features_DeltaQFastCharge.json", "X": {"discharge_capacity_cycle_2": [1.0600798999999999], "max_discharge_capacity_difference": [0.49178040000000034], "discharge_capacity_cycle_100": [1.0642562], "integrated_time_temperature_cycles_1:100": [218042.15460611982], "charge_time_cycles_1:5": [588.7999877929688], "abs_min_discharge_capacity_difference_cycles_2:100": [-1.581113113565286], "abs_mean_discharge_capacity_difference_cycles_2:100": [-1.9508425162783876], "abs_variance_discharge_capacity_difference_cycles_2:100": [-3.9244404972798397], "abs_skew_discharge_capacity_difference_cycles_2:100": [-0.7720135047205577], "abs_kurtosis_discharge_capacity_difference_cycles_2:100": [0.24146366848199877], "abs_first_discharge_capacity_difference_cycles_2:100": [-1.6546927290634479], "max_temperature_cycles_1:100": [39.59511184692383], "min_temperature_cycles_1:100": [31.926973342895508], "slope_discharge_capacity_cycle_number_2:100": [1.0107280148418356e-05], "intercept_discharge_capacity_cycle_number_2:100": [1.0642738440733868], "slope_discharge_capacity_cycle_number_91:100": [-6.144666666670098e-05], "intercept_discharge_capacity_cycle_number_91:100": [1.0704166200000031], "min_internal_resistance_cycles_2:100": [0.015591008588671684], "internal_resistance_cycle_2": [0.015797900035977364], "internal_resistance_difference_cycles_2:100": [-8.425489068031311e-05], "nominal_capacity_by_median": [1.06496845]}, "metadata": {"barcode": "el150800737259", "protocol": "2018-04-12_batch8\\20180412-5_3C_54per_4C_newstructure.sdu", "channel_id": 34, "parameters": {"init_pred_cycle": 10, "mid_pred_cycle": 91, "final_pred_cycle": 100, "n_nominal_cycles": 40}}, "@version": "2021.1.11.15"}