{"@module": "beep.featurize", "@class": "DeltaQFastCharge", "name": "/mnt/c/Users/sjrt1/Documents/School/Winter2021/DATA451/FastCharge/data-share/features/DeltaQFastCharge/FastCharge_000022_CH24_features_DeltaQFastCharge.json", "X": {"discharge_capacity_cycle_2": [1.0623763000000002], "max_discharge_capacity_difference": [0.8861551999999997], "discharge_capacity_cycle_100": [1.0692636999999998], "integrated_time_temperature_cycles_1:100": [228321.66865641277], "charge_time_cycles_1:5": [614.4000244140625], "abs_min_discharge_capacity_difference_cycles_2:100": [-1.2557457233771052], "abs_mean_discharge_capacity_difference_cycles_2:100": [-1.5528834867433345], "abs_variance_discharge_capacity_difference_cycles_2:100": [-3.197828918827733], "abs_skew_discharge_capacity_difference_cycles_2:100": [-0.9574951227409335], "abs_kurtosis_discharge_capacity_difference_cycles_2:100": [0.28589812830833333], "abs_first_discharge_capacity_difference_cycles_2:100": [-1.3319283714019763], "max_temperature_cycles_1:100": [36.62397003173828], "min_temperature_cycles_1:100": [29.155988693237305], "slope_discharge_capacity_cycle_number_2:100": [6.275590599870198e-06], "intercept_discharge_capacity_cycle_number_2:100": [1.0702386305710156], "slope_discharge_capacity_cycle_number_91:100": [-7.559454545453783e-05], "intercept_discharge_capacity_cycle_number_91:100": [1.0768736545454534], "min_internal_resistance_cycles_2:100": [0.017141468822956085], "internal_resistance_cycle_2": [0.017651217058300972], "internal_resistance_difference_cycles_2:100": [-0.00038363225758075714], "nominal_capacity_by_median": [1.0709401]}, "metadata": {"barcode": "el150800460614", "protocol": "2017-06-30_tests\\20170630-4_9C_27per_4_75C.sdu", "channel_id": 23, "parameters": {"init_pred_cycle": 10, "mid_pred_cycle": 91, "final_pred_cycle": 100, "n_nominal_cycles": 40}}, "@version": "2021.1.11.15"}