{"@module": "beep.featurize", "@class": "DeltaQFastCharge", "name": "/mnt/c/Users/sjrt1/Documents/School/Winter2021/DATA451/FastCharge/data-share/features/DeltaQFastCharge/FastCharge_000006_CH8_features_DeltaQFastCharge.json", "X": {"discharge_capacity_cycle_2": [1.0686373], "max_discharge_capacity_difference": [0.4983592000000001], "discharge_capacity_cycle_100": [1.0729247], "integrated_time_temperature_cycles_1:100": [208962.7175089518], "charge_time_cycles_1:5": [588.7999877929688], "abs_min_discharge_capacity_difference_cycles_2:100": [-1.5924715359491772], "abs_mean_discharge_capacity_difference_cycles_2:100": [-1.9453557166651918], "abs_variance_discharge_capacity_difference_cycles_2:100": [-3.913928161509713], "abs_skew_discharge_capacity_difference_cycles_2:100": [-0.9717305600975756], "abs_kurtosis_discharge_capacity_difference_cycles_2:100": [0.261544497136374], "abs_first_discharge_capacity_difference_cycles_2:100": [-1.647487664498302], "max_temperature_cycles_1:100": [36.881858825683594], "min_temperature_cycles_1:100": [30.183568954467773], "slope_discharge_capacity_cycle_number_2:100": [7.766717377855095e-06], "intercept_discharge_capacity_cycle_number_2:100": [1.0728857095856523], "slope_discharge_capacity_cycle_number_91:100": [-2.5119999999986705e-05], "intercept_discharge_capacity_cycle_number_91:100": [1.0753501999999981], "min_internal_resistance_cycles_2:100": [0.015516569837927818], "internal_resistance_cycle_2": [0.015744391828775406], "internal_resistance_difference_cycles_2:100": [-0.00012844055891036987], "nominal_capacity_by_median": [1.0736579499999999]}, "metadata": {"barcode": "el150800737369", "protocol": "2018-04-12_batch8\\20180412-5_3C_54per_4C_newstructure.sdu", "channel_id": 7, "parameters": {"init_pred_cycle": 10, "mid_pred_cycle": 91, "final_pred_cycle": 100, "n_nominal_cycles": 40}}, "@version": "2021.1.11.15"}