{"@module": "beep.featurize", "@class": "DeltaQFastCharge", "name": "/mnt/c/Users/sjrt1/Documents/School/Winter2021/DATA451/FastCharge/data-share/features/DeltaQFastCharge/FastCharge_000070_CH46_features_DeltaQFastCharge.json", "X": {"discharge_capacity_cycle_2": [1.0661633], "max_discharge_capacity_difference": [0.8867498999999999], "discharge_capacity_cycle_100": [1.0732728999999999], "integrated_time_temperature_cycles_1:100": [231731.72559000654], "charge_time_cycles_1:5": [640.0], "abs_min_discharge_capacity_difference_cycles_2:100": [-1.4001766022889475], "abs_mean_discharge_capacity_difference_cycles_2:100": [-1.760023957383908], "abs_variance_discharge_capacity_difference_cycles_2:100": [-3.587016197406041], "abs_skew_discharge_capacity_difference_cycles_2:100": [-1.26205729166826], "abs_kurtosis_discharge_capacity_difference_cycles_2:100": [0.24309510630848685], "abs_first_discharge_capacity_difference_cycles_2:100": [-1.4474704409864558], "max_temperature_cycles_1:100": [37.93330764770508], "min_temperature_cycles_1:100": [29.381406784057617], "slope_discharge_capacity_cycle_number_2:100": [-1.095815708105427e-06], "intercept_discharge_capacity_cycle_number_2:100": [1.074493213007627], "slope_discharge_capacity_cycle_number_91:100": [-7.798848484849715e-05], "intercept_discharge_capacity_cycle_number_91:100": [1.0807165618181829], "min_internal_resistance_cycles_2:100": [0.016837909817695618], "internal_resistance_cycle_2": [0.017350584268569946], "internal_resistance_difference_cycles_2:100": [-0.00021851062774658203], "nominal_capacity_by_median": [1.07508665]}, "metadata": {"barcode": "el150800460613", "protocol": "2017-06-30_tests\\20170630-6C_4per_4_75C.sdu", "channel_id": 45, "parameters": {"init_pred_cycle": 10, "mid_pred_cycle": 91, "final_pred_cycle": 100, "n_nominal_cycles": 40}}, "@version": "2021.1.11.15"}