{"@module": "beep.featurize", "@class": "DeltaQFastCharge", "name": "/mnt/c/Users/sjrt1/Documents/School/Winter2021/DATA451/FastCharge/data-share/features/DeltaQFastCharge/FastCharge_000013_CH14_features_DeltaQFastCharge.json", "X": {"discharge_capacity_cycle_2": [1.0507991], "max_discharge_capacity_difference": [0.6097292999999999], "discharge_capacity_cycle_100": [1.0599473], "integrated_time_temperature_cycles_1:100": [191117.5794067383], "charge_time_cycles_1:5": [716.7999877929688], "abs_min_discharge_capacity_difference_cycles_2:100": [-1.624662010015997], "abs_mean_discharge_capacity_difference_cycles_2:100": [-1.951276171722517], "abs_variance_discharge_capacity_difference_cycles_2:100": [-3.9707804753267624], "abs_skew_discharge_capacity_difference_cycles_2:100": [-1.3993697057035712], "abs_kurtosis_discharge_capacity_difference_cycles_2:100": [0.274811612566475], "abs_first_discharge_capacity_difference_cycles_2:100": [-1.7598431194165514], "max_temperature_cycles_1:100": [37.12896728515625], "min_temperature_cycles_1:100": [29.877809524536133], "slope_discharge_capacity_cycle_number_2:100": [2.7505800865800274e-05], "intercept_discharge_capacity_cycle_number_2:100": [1.0586159412698408], "slope_discharge_capacity_cycle_number_91:100": [-1.4282424242432627e-05], "intercept_discharge_capacity_cycle_number_91:100": [1.0613676290909098], "min_internal_resistance_cycles_2:100": [0.01596280187368393], "internal_resistance_cycle_2": [0.016517458483576775], "internal_resistance_difference_cycles_2:100": [-0.00024249404668807983], "nominal_capacity_by_median": [1.06026475]}, "metadata": {"barcode": "EL150800463882", "protocol": "2017-05-12_TESTS\\20170512-5_4C-50PER_3C.SDU", "channel_id": 13, "parameters": {"init_pred_cycle": 10, "mid_pred_cycle": 91, "final_pred_cycle": 100, "n_nominal_cycles": 40}}, "@version": "2021.1.11.15"}