{"@module": "beep.featurize", "@class": "DeltaQFastCharge", "name": "/mnt/c/Users/sjrt1/Documents/School/Winter2021/DATA451/FastCharge/data-share/features/DeltaQFastCharge/FastCharge_000000_CH19_features_DeltaQFastCharge.json", "X": {"discharge_capacity_cycle_2": [1.0454259], "max_discharge_capacity_difference": [0.8891461000000003], "discharge_capacity_cycle_100": [1.0331815], "integrated_time_temperature_cycles_1:100": [231072.4263671875], "charge_time_cycles_1:5": [614.4000244140625], "abs_min_discharge_capacity_difference_cycles_2:100": [-1.1444158302992298], "abs_mean_discharge_capacity_difference_cycles_2:100": [-1.4704373906287305], "abs_variance_discharge_capacity_difference_cycles_2:100": [-3.0140237495051614], "abs_skew_discharge_capacity_difference_cycles_2:100": [-1.0909721241824895], "abs_kurtosis_discharge_capacity_difference_cycles_2:100": [0.2867392973241303], "abs_first_discharge_capacity_difference_cycles_2:100": [-1.2495456976094044], "max_temperature_cycles_1:100": [37.402427673339844], "min_temperature_cycles_1:100": [29.229534149169922], "slope_discharge_capacity_cycle_number_2:100": [-0.00017471083982684502], "intercept_discharge_capacity_cycle_number_2:100": [1.0510357480519479], "slope_discharge_capacity_cycle_number_91:100": [-0.00021318666666667472], "intercept_discharge_capacity_cycle_number_91:100": [1.0539903000000008], "min_internal_resistance_cycles_2:100": [0.0164349302649498], "internal_resistance_cycle_2": [0.017864122986793518], "internal_resistance_difference_cycles_2:100": [-0.0010415539145469666], "nominal_capacity_by_median": [1.047977]}, "metadata": {"barcode": "el150800440551", "protocol": "2017-06-30_tests\\20170630-4_4C_55per_6C.sdu", "channel_id": 18, "parameters": {"init_pred_cycle": 10, "mid_pred_cycle": 91, "final_pred_cycle": 100, "n_nominal_cycles": 40}}, "@version": "2021.1.11.15"}