{"@module": "beep.featurize", "@class": "DeltaQFastCharge", "name": "/mnt/c/Users/sjrt1/Documents/School/Winter2021/DATA451/FastCharge/data-share/features/DeltaQFastCharge/FastCharge_000048_CH44_features_DeltaQFastCharge.json", "X": {"discharge_capacity_cycle_2": [1.0760245000000002], "max_discharge_capacity_difference": [0.6105556999999997], "discharge_capacity_cycle_100": [1.0821998], "integrated_time_temperature_cycles_1:100": [216550.88986816406], "charge_time_cycles_1:5": [716.7999877929688], "abs_min_discharge_capacity_difference_cycles_2:100": [-1.5683315180086062], "abs_mean_discharge_capacity_difference_cycles_2:100": [-1.9003178226354833], "abs_variance_discharge_capacity_difference_cycles_2:100": [-3.885923687889887], "abs_skew_discharge_capacity_difference_cycles_2:100": [-1.3265483929081625], "abs_kurtosis_discharge_capacity_difference_cycles_2:100": [0.2661159499465433], "abs_first_discharge_capacity_difference_cycles_2:100": [-1.6382559629902944], "max_temperature_cycles_1:100": [37.57667541503906], "min_temperature_cycles_1:100": [30.02129554748535], "slope_discharge_capacity_cycle_number_2:100": [4.464556586264877e-06], "intercept_discharge_capacity_cycle_number_2:100": [1.0826014974232114], "slope_discharge_capacity_cycle_number_91:100": [-2.6661818181795536e-05], "intercept_discharge_capacity_cycle_number_91:100": [1.0848596218181794], "min_internal_resistance_cycles_2:100": [0.01655232161283493], "internal_resistance_cycle_2": [0.016932552680373192], "internal_resistance_difference_cycles_2:100": [-9.706057608127594e-05], "nominal_capacity_by_median": [1.08310825]}, "metadata": {"barcode": "EL150800460647", "protocol": "2017-05-12_TESTS\\20170512-8C-15PER_3_6C.SDU", "channel_id": 43, "parameters": {"init_pred_cycle": 10, "mid_pred_cycle": 91, "final_pred_cycle": 100, "n_nominal_cycles": 40}}, "@version": "2021.1.11.15"}