{"@module": "beep.featurize", "@class": "DeltaQFastCharge", "name": "/mnt/c/Users/sjrt1/Documents/School/Winter2021/DATA451/FastCharge/data-share/features/DeltaQFastCharge/FastCharge_000054_CH15_features_DeltaQFastCharge.json", "X": {"discharge_capacity_cycle_2": [1.0651802], "max_discharge_capacity_difference": [0.8834631000000002], "discharge_capacity_cycle_100": [1.0524901000000002], "integrated_time_temperature_cycles_1:100": [229204.0110961914], "charge_time_cycles_1:5": [588.7999877929688], "abs_min_discharge_capacity_difference_cycles_2:100": [-1.1620794468761435], "abs_mean_discharge_capacity_difference_cycles_2:100": [-1.4682465302292207], "abs_variance_discharge_capacity_difference_cycles_2:100": [-3.01668319922398], "abs_skew_discharge_capacity_difference_cycles_2:100": [-1.041082975538594], "abs_kurtosis_discharge_capacity_difference_cycles_2:100": [0.2858106222847332], "abs_first_discharge_capacity_difference_cycles_2:100": [-1.1999415654371461], "max_temperature_cycles_1:100": [38.29935073852539], "min_temperature_cycles_1:100": [29.188962936401367], "slope_discharge_capacity_cycle_number_2:100": [-0.00020691593815708683], "intercept_discharge_capacity_cycle_number_2:100": [1.0752014827664398], "slope_discharge_capacity_cycle_number_91:100": [-0.00028943636363634766], "intercept_discharge_capacity_cycle_number_91:100": [1.0810782963636345], "min_internal_resistance_cycles_2:100": [0.015648871660232544], "internal_resistance_cycle_2": [0.01703674905002117], "internal_resistance_difference_cycles_2:100": [-0.0011919531971216202], "nominal_capacity_by_median": [1.0712325]}, "metadata": {"barcode": "el150800460634", "protocol": "2017-06-30_tests\\20170630-3_6C_30per_6C.sdu", "channel_id": 14, "parameters": {"init_pred_cycle": 10, "mid_pred_cycle": 91, "final_pred_cycle": 100, "n_nominal_cycles": 40}}, "@version": "2021.1.11.15"}