{"@module": "beep.featurize", "@class": "DeltaQFastCharge", "name": "/mnt/c/Users/sjrt1/Documents/School/Winter2021/DATA451/FastCharge/data-share/features/DeltaQFastCharge/FastCharge_000012_CH15_features_DeltaQFastCharge.json", "X": {"discharge_capacity_cycle_2": [1.0500578999999999], "max_discharge_capacity_difference": [0.49479130000000016], "discharge_capacity_cycle_100": [1.0519078000000002], "integrated_time_temperature_cycles_1:100": [158072.61519749343], "charge_time_cycles_1:5": [563.2000122070312], "abs_min_discharge_capacity_difference_cycles_2:100": [-1.6000114101004155], "abs_mean_discharge_capacity_difference_cycles_2:100": [-1.961656917902944], "abs_variance_discharge_capacity_difference_cycles_2:100": [-3.904485512036011], "abs_skew_discharge_capacity_difference_cycles_2:100": [-0.740404997930614], "abs_kurtosis_discharge_capacity_difference_cycles_2:100": [0.260391598297298], "abs_first_discharge_capacity_difference_cycles_2:100": [-1.6310650413362702], "max_temperature_cycles_1:100": [40.1955451965332], "min_temperature_cycles_1:100": [31.605619430541992], "slope_discharge_capacity_cycle_number_2:100": [-1.3335125541129925e-05], "intercept_discharge_capacity_cycle_number_2:100": [1.0538057805194805], "slope_discharge_capacity_cycle_number_91:100": [-7.646121212119138e-05], "intercept_discharge_capacity_cycle_number_91:100": [1.0593662145454523], "min_internal_resistance_cycles_2:100": [0.015130545943975449], "internal_resistance_cycle_2": [0.015368849970400333], "internal_resistance_difference_cycles_2:100": [-0.00015426799654960632], "nominal_capacity_by_median": [1.0537228]}, "metadata": {"barcode": "el150800737213", "protocol": "2018-04-12_batch8\\20180412-5_6C_36per_4_3C_newstructure.sdu", "channel_id": 14, "parameters": {"init_pred_cycle": 10, "mid_pred_cycle": 91, "final_pred_cycle": 100, "n_nominal_cycles": 40}}, "@version": "2021.1.11.15"}