{"@module": "beep.featurize", "@class": "DeltaQFastCharge", "name": "/mnt/c/Users/sjrt1/Documents/School/Winter2021/DATA451/FastCharge/data-share/features/DeltaQFastCharge/FastCharge_000017_CH17_features_DeltaQFastCharge.json", "X": {"discharge_capacity_cycle_2": [1.0664694], "max_discharge_capacity_difference": [0.49224500000000004], "discharge_capacity_cycle_100": [1.0698465], "integrated_time_temperature_cycles_1:100": [210244.85263671874], "charge_time_cycles_1:5": [665.5999755859375], "abs_min_discharge_capacity_difference_cycles_2:100": [-1.7706146257819997], "abs_mean_discharge_capacity_difference_cycles_2:100": [-2.1319201179879324], "abs_variance_discharge_capacity_difference_cycles_2:100": [-4.2690928739053735], "abs_skew_discharge_capacity_difference_cycles_2:100": [-0.8528520816916314], "abs_kurtosis_discharge_capacity_difference_cycles_2:100": [0.2640945657951673], "abs_first_discharge_capacity_difference_cycles_2:100": [-1.823343384318337], "max_temperature_cycles_1:100": [34.60008239746094], "min_temperature_cycles_1:100": [31.00022315979004], "slope_discharge_capacity_cycle_number_2:100": [9.431020408130707e-07], "intercept_discharge_capacity_cycle_number_2:100": [1.0701100186353327], "slope_discharge_capacity_cycle_number_91:100": [-3.426666666718716e-06], "intercept_discharge_capacity_cycle_number_91:100": [1.0701058000000045], "min_internal_resistance_cycles_2:100": [0.015372629277408123], "internal_resistance_cycle_2": [0.01556517742574215], "internal_resistance_difference_cycles_2:100": [-8.435733616352081e-05], "nominal_capacity_by_median": [1.0706813]}, "metadata": {"barcode": "el150800737307", "protocol": "2018-04-12_batch8\\20180412-4_8C_80per_4_8C_newstructure.sdu", "channel_id": 16, "parameters": {"init_pred_cycle": 10, "mid_pred_cycle": 91, "final_pred_cycle": 100, "n_nominal_cycles": 40}}, "@version": "2021.1.11.15"}