{"@module": "beep.featurize", "@class": "DeltaQFastCharge", "name": "/mnt/c/Users/sjrt1/Documents/School/Winter2021/DATA451/FastCharge/data-share/features/DeltaQFastCharge/FastCharge_000003_CH40_features_DeltaQFastCharge.json", "X": {"discharge_capacity_cycle_2": [1.0681152], "max_discharge_capacity_difference": [0.608949], "discharge_capacity_cycle_100": [1.073982], "integrated_time_temperature_cycles_1:100": [207728.13271040004], "charge_time_cycles_1:5": [640.0], "abs_min_discharge_capacity_difference_cycles_2:100": [-1.4046427498598646], "abs_mean_discharge_capacity_difference_cycles_2:100": [-1.720213816963381], "abs_variance_discharge_capacity_difference_cycles_2:100": [-3.52064351320574], "abs_skew_discharge_capacity_difference_cycles_2:100": [-1.1413754240641378], "abs_kurtosis_discharge_capacity_difference_cycles_2:100": [0.2815321781126293], "abs_first_discharge_capacity_difference_cycles_2:100": [-1.4715188407170465], "max_temperature_cycles_1:100": [36.07556915283203], "min_temperature_cycles_1:100": [29.543270111083984], "slope_discharge_capacity_cycle_number_2:100": [7.387465677171939e-06], "intercept_discharge_capacity_cycle_number_2:100": [1.074078922675737], "slope_discharge_capacity_cycle_number_91:100": [-2.5519999999939745e-05], "intercept_discharge_capacity_cycle_number_91:100": [1.0765367999999937], "min_internal_resistance_cycles_2:100": [0.016647711396217346], "internal_resistance_cycle_2": [0.01712852530181408], "internal_resistance_difference_cycles_2:100": [-3.707408905029297e-05], "nominal_capacity_by_median": [1.0746199]}, "metadata": {"barcode": "EL150800460622", "protocol": "2017-05-12_TESTS\\20170512-7C-30PER_3_6C.SDU", "channel_id": 39, "parameters": {"init_pred_cycle": 10, "mid_pred_cycle": 91, "final_pred_cycle": 100, "n_nominal_cycles": 40}}, "@version": "2021.1.11.15"}