{"@module": "beep.featurize", "@class": "DeltaQFastCharge", "name": "/mnt/c/Users/sjrt1/Documents/School/Winter2021/DATA451/FastCharge/data-share/features/DeltaQFastCharge/FastCharge_000001_CH30_features_DeltaQFastCharge.json", "X": {"discharge_capacity_cycle_2": [1.0678786], "max_discharge_capacity_difference": [0.4961450999999999], "discharge_capacity_cycle_100": [1.054091], "integrated_time_temperature_cycles_1:100": [205315.4877278646], "charge_time_cycles_1:5": [614.4000244140625], "abs_min_discharge_capacity_difference_cycles_2:100": [-1.3752393675218624], "abs_mean_discharge_capacity_difference_cycles_2:100": [-1.6988369710564806], "abs_variance_discharge_capacity_difference_cycles_2:100": [-3.451007315817897], "abs_skew_discharge_capacity_difference_cycles_2:100": [-1.762624654609498], "abs_kurtosis_discharge_capacity_difference_cycles_2:100": [0.2750033297734881], "abs_first_discharge_capacity_difference_cycles_2:100": [-1.4263361610825807], "max_temperature_cycles_1:100": [38.31761169433594], "min_temperature_cycles_1:100": [31.55476188659668], "slope_discharge_capacity_cycle_number_2:100": [-0.0001580296190476289], "intercept_discharge_capacity_cycle_number_2:100": [1.0700215597402596], "slope_discharge_capacity_cycle_number_91:100": [-0.00017460424242425441], "intercept_discharge_capacity_cycle_number_91:100": [1.071418530909092], "min_internal_resistance_cycles_2:100": [0.013937968760728836], "internal_resistance_cycle_2": [0.013937968760728836], "internal_resistance_difference_cycles_2:100": [0.00024036318063735962], "nominal_capacity_by_median": [1.06736225]}, "metadata": {"barcode": "el150800737366", "protocol": "2018-04-12_batch8\\20180412-3_7C_31per_5_9C_newstructure.sdu", "channel_id": 29, "parameters": {"init_pred_cycle": 10, "mid_pred_cycle": 91, "final_pred_cycle": 100, "n_nominal_cycles": 40}}, "@version": "2021.1.11.15"}