{"@module": "beep.featurize", "@class": "DeltaQFastCharge", "name": "/mnt/c/Users/sjrt1/Documents/School/Winter2021/DATA451/FastCharge/data-share/features/DeltaQFastCharge/FastCharge_000029_CH10_features_DeltaQFastCharge.json", "X": {"discharge_capacity_cycle_2": [1.0729731000000002], "max_discharge_capacity_difference": [0.6077728999999996], "discharge_capacity_cycle_100": [1.0793252], "integrated_time_temperature_cycles_1:100": [182982.49175211595], "charge_time_cycles_1:5": [563.2000122070312], "abs_min_discharge_capacity_difference_cycles_2:100": [-1.4150787851174849], "abs_mean_discharge_capacity_difference_cycles_2:100": [-1.7329798833485068], "abs_variance_discharge_capacity_difference_cycles_2:100": [-3.5373017029602334], "abs_skew_discharge_capacity_difference_cycles_2:100": [-1.1552027197510548], "abs_kurtosis_discharge_capacity_difference_cycles_2:100": [0.28253455055999327], "abs_first_discharge_capacity_difference_cycles_2:100": [-1.5237821717614233], "max_temperature_cycles_1:100": [36.496124267578125], "min_temperature_cycles_1:100": [29.49505615234375], "slope_discharge_capacity_cycle_number_2:100": [1.0349499072317522e-06], "intercept_discharge_capacity_cycle_number_2:100": [1.0807967090702943], "slope_discharge_capacity_cycle_number_91:100": [-6.170848484846311e-05], "intercept_discharge_capacity_cycle_number_91:100": [1.0854395018181793], "min_internal_resistance_cycles_2:100": [0.01654176414012909], "internal_resistance_cycle_2": [0.017006205394864082], "internal_resistance_difference_cycles_2:100": [-0.00033315084874629974], "nominal_capacity_by_median": [1.08161395]}, "metadata": {"barcode": "EL150800463886", "protocol": "2017-05-12_TESTS\\20170512-4_8C-80PER_4_8C.SDU", "channel_id": 9, "parameters": {"init_pred_cycle": 10, "mid_pred_cycle": 91, "final_pred_cycle": 100, "n_nominal_cycles": 40}}, "@version": "2021.1.11.15"}