{"@module": "beep.featurize", "@class": "DeltaQFastCharge", "name": "/mnt/c/Users/sjrt1/Documents/School/Winter2021/DATA451/FastCharge/data-share/features/DeltaQFastCharge/FastCharge_000012_CH37_features_DeltaQFastCharge.json", "X": {"discharge_capacity_cycle_2": [1.0592589], "max_discharge_capacity_difference": [0.49388690000000013], "discharge_capacity_cycle_100": [1.0627525], "integrated_time_temperature_cycles_1:100": [161030.14494648017], "charge_time_cycles_1:5": [640.0], "abs_min_discharge_capacity_difference_cycles_2:100": [-1.579680831808021], "abs_mean_discharge_capacity_difference_cycles_2:100": [-1.9556129137680542], "abs_variance_discharge_capacity_difference_cycles_2:100": [-3.9168037762260424], "abs_skew_discharge_capacity_difference_cycles_2:100": [-0.6957684926997465], "abs_kurtosis_discharge_capacity_difference_cycles_2:100": [0.24173798009076117], "abs_first_discharge_capacity_difference_cycles_2:100": [-1.6466194814413284], "max_temperature_cycles_1:100": [38.980979919433594], "min_temperature_cycles_1:100": [31.882980346679688], "slope_discharge_capacity_cycle_number_2:100": [-7.497662337719038e-07], "intercept_discharge_capacity_cycle_number_2:100": [1.0637112125541124], "slope_discharge_capacity_cycle_number_91:100": [-5.26206060605669e-05], "intercept_discharge_capacity_cycle_number_91:100": [1.0679547672727232], "min_internal_resistance_cycles_2:100": [0.014868693426251411], "internal_resistance_cycle_2": [0.015114452689886093], "internal_resistance_difference_cycles_2:100": [-0.00013911351561546326], "nominal_capacity_by_median": [1.06406695]}, "metadata": {"barcode": "el150800737251", "protocol": "2018-04-12_batch8\\20180412-5_6C_36per_4_3C_newstructure.sdu", "channel_id": 36, "parameters": {"init_pred_cycle": 10, "mid_pred_cycle": 91, "final_pred_cycle": 100, "n_nominal_cycles": 40}}, "@version": "2021.1.11.15"}