{"@module": "beep.featurize", "@class": "DeltaQFastCharge", "name": "/mnt/c/Users/sjrt1/Documents/School/Winter2021/DATA451/FastCharge/data-share/features/DeltaQFastCharge/FastCharge_000061_CH43_features_DeltaQFastCharge.json", "X": {"discharge_capacity_cycle_2": [1.074605], "max_discharge_capacity_difference": [0.8891648000000001], "discharge_capacity_cycle_100": [1.0823733], "integrated_time_temperature_cycles_1:100": [236287.86619059244], "charge_time_cycles_1:5": [588.7999877929688], "abs_min_discharge_capacity_difference_cycles_2:100": [-1.2294747531208672], "abs_mean_discharge_capacity_difference_cycles_2:100": [-1.5514144332859887], "abs_variance_discharge_capacity_difference_cycles_2:100": [-3.1723079901714915], "abs_skew_discharge_capacity_difference_cycles_2:100": [-1.4356858604062066], "abs_kurtosis_discharge_capacity_difference_cycles_2:100": [0.27765523126383407], "abs_first_discharge_capacity_difference_cycles_2:100": [-1.3044336961326919], "max_temperature_cycles_1:100": [39.33920669555664], "min_temperature_cycles_1:100": [29.589365005493164], "slope_discharge_capacity_cycle_number_2:100": [1.7315849103277506e-05], "intercept_discharge_capacity_cycle_number_2:100": [1.0821752327973608], "slope_discharge_capacity_cycle_number_91:100": [-8.697090909090398e-05], "intercept_discharge_capacity_cycle_number_91:100": [1.09106689090909], "min_internal_resistance_cycles_2:100": [0.016997622326016426], "internal_resistance_cycle_2": [0.017401671037077904], "internal_resistance_difference_cycles_2:100": [-6.506778299808502e-05], "nominal_capacity_by_median": [1.08313775]}, "metadata": {"barcode": "el150800460473", "protocol": "2017-06-30_tests\\20170630-6C_20per_4_5C.sdu", "channel_id": 42, "parameters": {"init_pred_cycle": 10, "mid_pred_cycle": 91, "final_pred_cycle": 100, "n_nominal_cycles": 40}}, "@version": "2021.1.11.15"}