{"@module": "beep.featurize", "@class": "DeltaQFastCharge", "name": "/mnt/c/Users/sjrt1/Documents/School/Winter2021/DATA451/FastCharge/data-share/features/DeltaQFastCharge/FastCharge_000009_CH4_features_DeltaQFastCharge.json", "X": {"discharge_capacity_cycle_2": [1.0639789], "max_discharge_capacity_difference": [0.8899294], "discharge_capacity_cycle_100": [1.0712723999999998], "integrated_time_temperature_cycles_1:100": [218087.81781005862], "charge_time_cycles_1:5": [588.7999877929688], "abs_min_discharge_capacity_difference_cycles_2:100": [-1.3832612390681953], "abs_mean_discharge_capacity_difference_cycles_2:100": [-1.7532755321549807], "abs_variance_discharge_capacity_difference_cycles_2:100": [-3.546203542390016], "abs_skew_discharge_capacity_difference_cycles_2:100": [-0.692988275741165], "abs_kurtosis_discharge_capacity_difference_cycles_2:100": [0.2192501266840559], "abs_first_discharge_capacity_difference_cycles_2:100": [-1.4411143268805076], "max_temperature_cycles_1:100": [36.81132125854492], "min_temperature_cycles_1:100": [26.808544158935547], "slope_discharge_capacity_cycle_number_2:100": [8.344190476187001e-06], "intercept_discharge_capacity_cycle_number_2:100": [1.071592093506493], "slope_discharge_capacity_cycle_number_91:100": [-7.730848484849291e-05], "intercept_discharge_capacity_cycle_number_91:100": [1.078706001818182], "min_internal_resistance_cycles_2:100": [0.01677769422531128], "internal_resistance_cycle_2": [0.017436815425753593], "internal_resistance_difference_cycles_2:100": [-0.0001674126833677292], "nominal_capacity_by_median": [1.07218195]}, "metadata": {"barcode": "el150800460597", "protocol": "2017-06-30_tests\\20170630-4_8C_80per_4_8C.sdu", "channel_id": 3, "parameters": {"init_pred_cycle": 10, "mid_pred_cycle": 91, "final_pred_cycle": 100, "n_nominal_cycles": 40}}, "@version": "2021.1.11.15"}