{"@module": "beep.featurize", "@class": "DeltaQFastCharge", "name": "/mnt/c/Users/sjrt1/Documents/School/Winter2021/DATA451/FastCharge/data-share/features/DeltaQFastCharge/FastCharge_000015_CH36_features_DeltaQFastCharge.json", "X": {"discharge_capacity_cycle_2": [1.0709693], "max_discharge_capacity_difference": [0.49769320000000006], "discharge_capacity_cycle_100": [1.0744087], "integrated_time_temperature_cycles_1:100": [220869.24785563152], "charge_time_cycles_1:5": [588.7999877929688], "abs_min_discharge_capacity_difference_cycles_2:100": [-1.6273671774260028], "abs_mean_discharge_capacity_difference_cycles_2:100": [-1.9712101982532544], "abs_variance_discharge_capacity_difference_cycles_2:100": [-3.9845402027697374], "abs_skew_discharge_capacity_difference_cycles_2:100": [-1.2606373284768544], "abs_kurtosis_discharge_capacity_difference_cycles_2:100": [0.2675793596303589], "abs_first_discharge_capacity_difference_cycles_2:100": [-1.7381196242119503], "max_temperature_cycles_1:100": [39.78699493408203], "min_temperature_cycles_1:100": [31.812665939331055], "slope_discharge_capacity_cycle_number_2:100": [2.500925170068077e-06], "intercept_discharge_capacity_cycle_number_2:100": [1.0749522436404861], "slope_discharge_capacity_cycle_number_91:100": [-4.843696969695842e-05], "intercept_discharge_capacity_cycle_number_91:100": [1.0792049436363624], "min_internal_resistance_cycles_2:100": [0.01553861889988184], "internal_resistance_cycle_2": [0.015716448426246643], "internal_resistance_difference_cycles_2:100": [-7.116422057151794e-05], "nominal_capacity_by_median": [1.0754057000000001]}, "metadata": {"barcode": "el150800737287", "protocol": "2018-04-12_batch8\\20180412-5_6C_19per_4_6C_newstructure.sdu", "channel_id": 35, "parameters": {"init_pred_cycle": 10, "mid_pred_cycle": 91, "final_pred_cycle": 100, "n_nominal_cycles": 40}}, "@version": "2021.1.11.15"}