{"@module": "beep.featurize", "@class": "DeltaQFastCharge", "name": "/mnt/c/Users/sjrt1/Documents/School/Winter2021/DATA451/FastCharge/data-share/features/DeltaQFastCharge/FastCharge_000043_CH16_features_DeltaQFastCharge.json", "X": {"discharge_capacity_cycle_2": [1.0651031000000002], "max_discharge_capacity_difference": [0.8804459], "discharge_capacity_cycle_100": [1.0669945], "integrated_time_temperature_cycles_1:100": [234539.90515543622], "charge_time_cycles_1:5": [640.0], "abs_min_discharge_capacity_difference_cycles_2:100": [-1.315228363527792], "abs_mean_discharge_capacity_difference_cycles_2:100": [-1.660001737705853], "abs_variance_discharge_capacity_difference_cycles_2:100": [-3.3739988313740614], "abs_skew_discharge_capacity_difference_cycles_2:100": [-1.6430725987114305], "abs_kurtosis_discharge_capacity_difference_cycles_2:100": [0.26389149896811576], "abs_first_discharge_capacity_difference_cycles_2:100": [-1.3591176670069902], "max_temperature_cycles_1:100": [39.45745849609375], "min_temperature_cycles_1:100": [29.682395935058594], "slope_discharge_capacity_cycle_number_2:100": [-5.334488188002729e-05], "intercept_discharge_capacity_cycle_number_2:100": [1.0741794552051123], "slope_discharge_capacity_cycle_number_91:100": [-0.0001652066666666476], "intercept_discharge_capacity_cycle_number_91:100": [1.0833644199999979], "min_internal_resistance_cycles_2:100": [0.017548179253935814], "internal_resistance_cycle_2": [0.018386904150247574], "internal_resistance_difference_cycles_2:100": [-0.00068647600710392], "nominal_capacity_by_median": [1.0735028]}, "metadata": {"barcode": "el150800460451", "protocol": "2017-06-30_tests\\20170630-3_6C_9per_5C.sdu", "channel_id": 15, "parameters": {"init_pred_cycle": 10, "mid_pred_cycle": 91, "final_pred_cycle": 100, "n_nominal_cycles": 40}}, "@version": "2021.1.11.15"}