{"@module": "beep.featurize", "@class": "DeltaQFastCharge", "name": "/mnt/c/Users/sjrt1/Documents/School/Winter2021/DATA451/FastCharge/data-share/features/DeltaQFastCharge/FastCharge_000017_CH33_features_DeltaQFastCharge.json", "X": {"discharge_capacity_cycle_2": [1.0650446000000002], "max_discharge_capacity_difference": [0.49576059999999966], "discharge_capacity_cycle_100": [1.0670681], "integrated_time_temperature_cycles_1:100": [160610.6922543575], "charge_time_cycles_1:5": [640.0], "abs_min_discharge_capacity_difference_cycles_2:100": [-1.8093714710640207], "abs_mean_discharge_capacity_difference_cycles_2:100": [-2.3035483105100805], "abs_variance_discharge_capacity_difference_cycles_2:100": [-4.348551102009473], "abs_skew_discharge_capacity_difference_cycles_2:100": [-0.47105271466952914], "abs_kurtosis_discharge_capacity_difference_cycles_2:100": [0.1609601968793706], "abs_first_discharge_capacity_difference_cycles_2:100": [-1.8238987021456032], "max_temperature_cycles_1:100": [38.519100189208984], "min_temperature_cycles_1:100": [31.404586791992188], "slope_discharge_capacity_cycle_number_2:100": [-2.738303030305062e-06], "intercept_discharge_capacity_cycle_number_2:100": [1.0682291666666666], "slope_discharge_capacity_cycle_number_91:100": [-0.00016149818181817704], "intercept_discharge_capacity_cycle_number_91:100": [1.0826852781818173], "min_internal_resistance_cycles_2:100": [0.015194214880466461], "internal_resistance_cycle_2": [0.015357698313891888], "internal_resistance_difference_cycles_2:100": [-7.627718150615692e-05], "nominal_capacity_by_median": [1.0685099]}, "metadata": {"barcode": "el150800737299", "protocol": "2018-04-12_batch8\\20180412-4_8C_80per_4_8C_newstructure.sdu", "channel_id": 32, "parameters": {"init_pred_cycle": 10, "mid_pred_cycle": 91, "final_pred_cycle": 100, "n_nominal_cycles": 40}}, "@version": "2021.1.11.15"}