{"@module": "beep.featurize", "@class": "DeltaQFastCharge", "name": "/mnt/c/Users/sjrt1/Documents/School/Winter2021/DATA451/FastCharge/data-share/features/DeltaQFastCharge/FastCharge_000017_CH6_features_DeltaQFastCharge.json", "X": {"discharge_capacity_cycle_2": [1.0657128], "max_discharge_capacity_difference": [0.5032833999999999], "discharge_capacity_cycle_100": [1.0690311000000001], "integrated_time_temperature_cycles_1:100": [211291.35908203124], "charge_time_cycles_1:5": [640.0], "abs_min_discharge_capacity_difference_cycles_2:100": [-2.2416692716226745], "abs_mean_discharge_capacity_difference_cycles_2:100": [-2.4101403366716427], "abs_variance_discharge_capacity_difference_cycles_2:100": [-4.253439725736478], "abs_skew_discharge_capacity_difference_cycles_2:100": [-0.06576972974992855], "abs_kurtosis_discharge_capacity_difference_cycles_2:100": [-0.1889501351406614], "abs_first_discharge_capacity_difference_cycles_2:100": [-2.2440187029854277], "max_temperature_cycles_1:100": [37.08730697631836], "min_temperature_cycles_1:100": [30.329845428466797], "slope_discharge_capacity_cycle_number_2:100": [4.461794681499573e-06], "intercept_discharge_capacity_cycle_number_2:100": [1.0692644203669348], "slope_discharge_capacity_cycle_number_91:100": [-2.0304848484854673e-05], "intercept_discharge_capacity_cycle_number_91:100": [1.0710952381818186], "min_internal_resistance_cycles_2:100": [0.015753615647554398], "internal_resistance_cycle_2": [0.01642947643995285], "internal_resistance_difference_cycles_2:100": [-0.0005931239575147629], "nominal_capacity_by_median": [1.0697455999999999]}, "metadata": {"barcode": "el150800737377", "protocol": "2018-04-12_batch8\\20180412-4_8C_80per_4_8C_newstructure.sdu", "channel_id": 5, "parameters": {"init_pred_cycle": 10, "mid_pred_cycle": 91, "final_pred_cycle": 100, "n_nominal_cycles": 40}}, "@version": "2021.1.11.15"}