{"@module": "beep.featurize", "@class": "DeltaQFastCharge", "name": "/mnt/c/Users/sjrt1/Documents/School/Winter2021/DATA451/FastCharge/data-share/features/DeltaQFastCharge/FastCharge_000006_CH19_features_DeltaQFastCharge.json", "X": {"discharge_capacity_cycle_2": [1.0683683000000002], "max_discharge_capacity_difference": [0.49581799999999987], "discharge_capacity_cycle_100": [1.0724778999999998], "integrated_time_temperature_cycles_1:100": [156098.40436813957], "charge_time_cycles_1:5": [640.0], "abs_min_discharge_capacity_difference_cycles_2:100": [-1.543277032650591], "abs_mean_discharge_capacity_difference_cycles_2:100": [-1.8413761101050385], "abs_variance_discharge_capacity_difference_cycles_2:100": [-3.765784686225749], "abs_skew_discharge_capacity_difference_cycles_2:100": [-1.114939706986651], "abs_kurtosis_discharge_capacity_difference_cycles_2:100": [0.2808858559948174], "abs_first_discharge_capacity_difference_cycles_2:100": [-1.5837272499432908], "max_temperature_cycles_1:100": [35.68544006347656], "min_temperature_cycles_1:100": [31.020124435424805], "slope_discharge_capacity_cycle_number_2:100": [3.645747680884521e-06], "intercept_discharge_capacity_cycle_number_2:100": [1.0726358540300969], "slope_discharge_capacity_cycle_number_91:100": [-9.04424242427563e-06], "intercept_discharge_capacity_cycle_number_91:100": [1.0733089909090938], "min_internal_resistance_cycles_2:100": [0.015742281451821327], "internal_resistance_cycle_2": [0.015937412157654762], "internal_resistance_difference_cycles_2:100": [-6.501562893390656e-05], "nominal_capacity_by_median": [1.0732050499999999]}, "metadata": {"barcode": "el150800737270", "protocol": "2018-04-12_batch8\\20180412-5_3C_54per_4C_newstructure.sdu", "channel_id": 18, "parameters": {"init_pred_cycle": 10, "mid_pred_cycle": 91, "final_pred_cycle": 100, "n_nominal_cycles": 40}}, "@version": "2021.1.11.15"}