{"@module": "beep.featurize", "@class": "DeltaQFastCharge", "name": "/mnt/c/Users/sjrt1/Documents/School/Winter2021/DATA451/FastCharge/data-share/features/DeltaQFastCharge/FastCharge_000015_CH20_features_DeltaQFastCharge.json", "X": {"discharge_capacity_cycle_2": [1.0673251], "max_discharge_capacity_difference": [0.4970005000000002], "discharge_capacity_cycle_100": [1.0684358], "integrated_time_temperature_cycles_1:100": [160801.55132542152], "charge_time_cycles_1:5": [563.2000122070312], "abs_min_discharge_capacity_difference_cycles_2:100": [-1.4780261708112736], "abs_mean_discharge_capacity_difference_cycles_2:100": [-1.7884056985775274], "abs_variance_discharge_capacity_difference_cycles_2:100": [-3.6575848691446984], "abs_skew_discharge_capacity_difference_cycles_2:100": [-1.1529592054176325], "abs_kurtosis_discharge_capacity_difference_cycles_2:100": [0.2781137691685845], "abs_first_discharge_capacity_difference_cycles_2:100": [-1.5519484108046757], "max_temperature_cycles_1:100": [38.22832489013672], "min_temperature_cycles_1:100": [31.117902755737305], "slope_discharge_capacity_cycle_number_2:100": [-1.5220575139152314e-05], "intercept_discharge_capacity_cycle_number_2:100": [1.0705788550195834], "slope_discharge_capacity_cycle_number_91:100": [-3.7563030303008176e-05], "intercept_discharge_capacity_cycle_number_91:100": [1.072116276363634], "min_internal_resistance_cycles_2:100": [0.015485173091292381], "internal_resistance_cycle_2": [0.01562539115548134], "internal_resistance_difference_cycles_2:100": [-7.693469524383545e-05], "nominal_capacity_by_median": [1.0705603000000001]}, "metadata": {"barcode": "el150800737276", "protocol": "2018-04-12_batch8\\20180412-5_6C_19per_4_6C_newstructure.sdu", "channel_id": 19, "parameters": {"init_pred_cycle": 10, "mid_pred_cycle": 91, "final_pred_cycle": 100, "n_nominal_cycles": 40}}, "@version": "2021.1.11.15"}