{"@module": "beep.featurize", "@class": "DeltaQFastCharge", "name": "/mnt/c/Users/sjrt1/Documents/School/Winter2021/DATA451/FastCharge/data-share/features/DeltaQFastCharge/FastCharge_000039_CH27_features_DeltaQFastCharge.json", "X": {"discharge_capacity_cycle_2": [1.0750393999999999], "max_discharge_capacity_difference": [0.6098045000000001], "discharge_capacity_cycle_100": [1.0797218000000002], "integrated_time_temperature_cycles_1:100": [217599.77098388676], "charge_time_cycles_1:5": [665.5999755859375], "abs_min_discharge_capacity_difference_cycles_2:100": [-1.4366160489850015], "abs_mean_discharge_capacity_difference_cycles_2:100": [-1.7584799300598641], "abs_variance_discharge_capacity_difference_cycles_2:100": [-3.6096240579022947], "abs_skew_discharge_capacity_difference_cycles_2:100": [-1.0754306679336758], "abs_kurtosis_discharge_capacity_difference_cycles_2:100": [0.2748950056272614], "abs_first_discharge_capacity_difference_cycles_2:100": [-1.516175842455783], "max_temperature_cycles_1:100": [38.30351257324219], "min_temperature_cycles_1:100": [30.421293258666992], "slope_discharge_capacity_cycle_number_2:100": [-3.67965862709323e-06], "intercept_discharge_capacity_cycle_number_2:100": [1.08083258899196], "slope_discharge_capacity_cycle_number_91:100": [-3.092121212118349e-05], "intercept_discharge_capacity_cycle_number_91:100": [1.0828015345454514], "min_internal_resistance_cycles_2:100": [0.016467511653900146], "internal_resistance_cycle_2": [0.016832415014505386], "internal_resistance_difference_cycles_2:100": [-2.9031187295913696e-05], "nominal_capacity_by_median": [1.0811196]}, "metadata": {"barcode": "EL150800460507", "protocol": "2017-05-12_TESTS\\20170512-6C-50PER_3C.SDU", "channel_id": 26, "parameters": {"init_pred_cycle": 10, "mid_pred_cycle": 91, "final_pred_cycle": 100, "n_nominal_cycles": 40}}, "@version": "2021.1.11.15"}