{"@module": "beep.featurize", "@class": "DeltaQFastCharge", "name": "/mnt/c/Users/sjrt1/Documents/School/Winter2021/DATA451/FastCharge/data-share/features/DeltaQFastCharge/FastCharge_000006_CH3_features_DeltaQFastCharge.json", "X": {"discharge_capacity_cycle_2": [1.0674757], "max_discharge_capacity_difference": [0.4403338000000001], "discharge_capacity_cycle_100": [1.0710341], "integrated_time_temperature_cycles_1:100": [205200.4370361328], "charge_time_cycles_1:5": [614.4000244140625], "abs_min_discharge_capacity_difference_cycles_2:100": [-1.5848495243338176], "abs_mean_discharge_capacity_difference_cycles_2:100": [-1.9273053120951804], "abs_variance_discharge_capacity_difference_cycles_2:100": [-3.8790066152653155], "abs_skew_discharge_capacity_difference_cycles_2:100": [-1.0652484023381623], "abs_kurtosis_discharge_capacity_difference_cycles_2:100": [0.26977908338556666], "abs_first_discharge_capacity_difference_cycles_2:100": [-1.6635383311681728], "max_temperature_cycles_1:100": [34.756858825683594], "min_temperature_cycles_1:100": [30.474828720092773], "slope_discharge_capacity_cycle_number_2:100": [-4.228707483029724e-07], "intercept_discharge_capacity_cycle_number_2:100": [1.0716913667697379], "slope_discharge_capacity_cycle_number_91:100": [-3.47575757575606e-05], "intercept_discharge_capacity_cycle_number_91:100": [1.0744140109090892], "min_internal_resistance_cycles_2:100": [0.015509814023971558], "internal_resistance_cycle_2": [0.015760991722345352], "internal_resistance_difference_cycles_2:100": [-0.00013366714119911194], "nominal_capacity_by_median": [1.0721014000000002]}, "metadata": {"barcode": "EL150800737380", "protocol": "2018-04-12_batch8\\20180412-5_3C_54per_4C_newstructure.sdu", "channel_id": 2, "parameters": {"init_pred_cycle": 10, "mid_pred_cycle": 91, "final_pred_cycle": 100, "n_nominal_cycles": 40}}, "@version": "2021.1.11.15"}