{"@module": "beep.featurize", "@class": "DeltaQFastCharge", "name": "/mnt/c/Users/sjrt1/Documents/School/Winter2021/DATA451/FastCharge/data-share/features/DeltaQFastCharge/FastCharge_000053_CH42_features_DeltaQFastCharge.json", "X": {"discharge_capacity_cycle_2": [1.0648383999999997], "max_discharge_capacity_difference": [0.8848879000000001], "discharge_capacity_cycle_100": [1.0744017], "integrated_time_temperature_cycles_1:100": [233039.9620320638], "charge_time_cycles_1:5": [588.7999877929688], "abs_min_discharge_capacity_difference_cycles_2:100": [-1.3096829507869099], "abs_mean_discharge_capacity_difference_cycles_2:100": [-1.6659826166887484], "abs_variance_discharge_capacity_difference_cycles_2:100": [-3.3622449027833863], "abs_skew_discharge_capacity_difference_cycles_2:100": [-1.0693185709021127], "abs_kurtosis_discharge_capacity_difference_cycles_2:100": [0.26156053980911037], "abs_first_discharge_capacity_difference_cycles_2:100": [-1.3651917494438424], "max_temperature_cycles_1:100": [38.92290115356445], "min_temperature_cycles_1:100": [29.400104522705078], "slope_discharge_capacity_cycle_number_2:100": [2.3281461966597977e-05], "intercept_discharge_capacity_cycle_number_2:100": [1.0734780784168212], "slope_discharge_capacity_cycle_number_91:100": [-6.610303030304888e-05], "intercept_discharge_capacity_cycle_number_91:100": [1.0807620963636377], "min_internal_resistance_cycles_2:100": [0.017491396516561508], "internal_resistance_cycle_2": [0.017931127920746803], "internal_resistance_difference_cycles_2:100": [-0.0003046412020921707], "nominal_capacity_by_median": [1.0746541]}, "metadata": {"barcode": "el150800460513", "protocol": "2017-06-30_tests\\20170630-5_6C_65per_3C.sdu", "channel_id": 41, "parameters": {"init_pred_cycle": 10, "mid_pred_cycle": 91, "final_pred_cycle": 100, "n_nominal_cycles": 40}}, "@version": "2021.1.11.15"}