{"@module": "beep.featurize", "@class": "DeltaQFastCharge", "name": "/mnt/c/Users/sjrt1/Documents/School/Winter2021/DATA451/FastCharge/data-share/features/DeltaQFastCharge/FastCharge_000028_CH20_features_DeltaQFastCharge.json", "X": {"discharge_capacity_cycle_2": [1.0815607], "max_discharge_capacity_difference": [0.45500079999999987], "discharge_capacity_cycle_100": [1.0876714], "integrated_time_temperature_cycles_1:100": [210685.0268717448], "charge_time_cycles_1:5": [665.5999755859375], "abs_min_discharge_capacity_difference_cycles_2:100": [-1.5422507931283866], "abs_mean_discharge_capacity_difference_cycles_2:100": [-1.8590694897317472], "abs_variance_discharge_capacity_difference_cycles_2:100": [-3.79255996857259], "abs_skew_discharge_capacity_difference_cycles_2:100": [-1.2827608358771947], "abs_kurtosis_discharge_capacity_difference_cycles_2:100": [0.277892949818786], "abs_first_discharge_capacity_difference_cycles_2:100": [-1.6544655496916107], "max_temperature_cycles_1:100": [36.799232482910156], "min_temperature_cycles_1:100": [29.999717712402344], "slope_discharge_capacity_cycle_number_2:100": [2.1967536178098487e-05], "intercept_discharge_capacity_cycle_number_2:100": [1.086540153494125], "slope_discharge_capacity_cycle_number_91:100": [-1.2428484848494651e-05], "intercept_discharge_capacity_cycle_number_91:100": [1.0888902418181825], "min_internal_resistance_cycles_2:100": [0.016611162573099136], "internal_resistance_cycle_2": [0.016898803412914276], "internal_resistance_difference_cycles_2:100": [5.013123154640198e-05], "nominal_capacity_by_median": [1.0875940499999999]}, "metadata": {"barcode": "EL150800460468", "protocol": "2017-05-12_TESTS\\20170512-5_4C-40PER_3_6C.SDU", "channel_id": 19, "parameters": {"init_pred_cycle": 10, "mid_pred_cycle": 91, "final_pred_cycle": 100, "n_nominal_cycles": 40}}, "@version": "2021.1.11.15"}