{"@module": "beep.featurize", "@class": "DeltaQFastCharge", "name": "/mnt/c/Users/sjrt1/Documents/School/Winter2021/DATA451/FastCharge/data-share/features/DeltaQFastCharge/FastCharge_000057_CH36_features_DeltaQFastCharge.json", "X": {"discharge_capacity_cycle_2": [1.0917602], "max_discharge_capacity_difference": [0.6070903000000001], "discharge_capacity_cycle_100": [1.0953952], "integrated_time_temperature_cycles_1:100": [196638.55683593752], "charge_time_cycles_1:5": [640.0], "abs_min_discharge_capacity_difference_cycles_2:100": [-1.4064789710942438], "abs_mean_discharge_capacity_difference_cycles_2:100": [-1.7281109709181488], "abs_variance_discharge_capacity_difference_cycles_2:100": [-3.5373545138916795], "abs_skew_discharge_capacity_difference_cycles_2:100": [-1.1882858935168563], "abs_kurtosis_discharge_capacity_difference_cycles_2:100": [0.27714016248299633], "abs_first_discharge_capacity_difference_cycles_2:100": [-1.4810510159103476], "max_temperature_cycles_1:100": [31.65890121459961], "min_temperature_cycles_1:100": [29.649641036987305], "slope_discharge_capacity_cycle_number_2:100": [-2.192090538033438e-05], "intercept_discharge_capacity_cycle_number_2:100": [1.0981281957740667], "slope_discharge_capacity_cycle_number_91:100": [-3.889757575755517e-05], "intercept_discharge_capacity_cycle_number_91:100": [1.0992670309090884], "min_internal_resistance_cycles_2:100": [0.016684072092175484], "internal_resistance_cycle_2": [0.01701471023261547], "internal_resistance_difference_cycles_2:100": [-5.4759904742240906e-05], "nominal_capacity_by_median": [1.0980303999999999]}, "metadata": {"barcode": "EL150800460481", "protocol": "2017-05-12_TESTS\\20170512-6C-50PER_3_6C.SDU", "channel_id": 35, "parameters": {"init_pred_cycle": 10, "mid_pred_cycle": 91, "final_pred_cycle": 100, "n_nominal_cycles": 40}}, "@version": "2021.1.11.15"}