{"@module": "beep.featurize", "@class": "DeltaQFastCharge", "name": "/mnt/c/Users/sjrt1/Documents/School/Winter2021/DATA451/FastCharge/data-share/features/DeltaQFastCharge/FastCharge_000011_CH26_features_DeltaQFastCharge.json", "X": {"discharge_capacity_cycle_2": [1.0699197], "max_discharge_capacity_difference": [0.8992093000000001], "discharge_capacity_cycle_100": [1.0785329], "integrated_time_temperature_cycles_1:100": [237579.36843261722], "charge_time_cycles_1:5": [588.7999877929688], "abs_min_discharge_capacity_difference_cycles_2:100": [-1.3138689531831222], "abs_mean_discharge_capacity_difference_cycles_2:100": [-1.61837759871895], "abs_variance_discharge_capacity_difference_cycles_2:100": [-3.334971364943693], "abs_skew_discharge_capacity_difference_cycles_2:100": [-0.9198660933929138], "abs_kurtosis_discharge_capacity_difference_cycles_2:100": [0.2823845935293719], "abs_first_discharge_capacity_difference_cycles_2:100": [-1.425802193313414], "max_temperature_cycles_1:100": [39.01078796386719], "min_temperature_cycles_1:100": [30.02223014831543], "slope_discharge_capacity_cycle_number_2:100": [3.7496560296837445e-05], "intercept_discharge_capacity_cycle_number_2:100": [1.0762825891568748], "slope_discharge_capacity_cycle_number_91:100": [-4.146727272726998e-05], "intercept_discharge_capacity_cycle_number_91:100": [1.0826962872727268], "min_internal_resistance_cycles_2:100": [0.016837667673826218], "internal_resistance_cycle_2": [0.017143238335847855], "internal_resistance_difference_cycles_2:100": [4.41819429397583e-05], "nominal_capacity_by_median": [1.0776094499999997]}, "metadata": {"barcode": "el150800460604", "protocol": "2017-06-30_tests\\20170630-4_9C_69per_4_25C.sdu", "channel_id": 25, "parameters": {"init_pred_cycle": 10, "mid_pred_cycle": 91, "final_pred_cycle": 100, "n_nominal_cycles": 40}}, "@version": "2021.1.11.15"}