{"@module": "beep.featurize", "@class": "DeltaQFastCharge", "name": "/mnt/c/Users/sjrt1/Documents/School/Winter2021/DATA451/FastCharge/data-share/features/DeltaQFastCharge/FastCharge_000006_CH43_features_DeltaQFastCharge.json", "X": {"discharge_capacity_cycle_2": [1.0602307], "max_discharge_capacity_difference": [0.4880704], "discharge_capacity_cycle_100": [1.0615865], "integrated_time_temperature_cycles_1:100": [210267.5403361003], "charge_time_cycles_1:5": [588.7999877929688], "abs_min_discharge_capacity_difference_cycles_2:100": [-1.677722097259545], "abs_mean_discharge_capacity_difference_cycles_2:100": [-2.0562058751990264], "abs_variance_discharge_capacity_difference_cycles_2:100": [-4.079212893480145], "abs_skew_discharge_capacity_difference_cycles_2:100": [-0.6506297869412885], "abs_kurtosis_discharge_capacity_difference_cycles_2:100": [0.25352969149819754], "abs_first_discharge_capacity_difference_cycles_2:100": [-1.7269550229503858], "max_temperature_cycles_1:100": [39.49040985107422], "min_temperature_cycles_1:100": [31.956256866455078], "slope_discharge_capacity_cycle_number_2:100": [-1.8281213358072654e-05], "intercept_discharge_capacity_cycle_number_2:100": [1.0641467546072971], "slope_discharge_capacity_cycle_number_91:100": [-6.572181818178493e-05], "intercept_discharge_capacity_cycle_number_91:100": [1.0681568018181784], "min_internal_resistance_cycles_2:100": [0.015220164321362972], "internal_resistance_cycle_2": [0.015468710102140903], "internal_resistance_difference_cycles_2:100": [-0.0001105181872844696], "nominal_capacity_by_median": [1.06404725]}, "metadata": {"barcode": "el150800737350", "protocol": "2018-04-12_batch8\\20180412-5_3C_54per_4C_newstructure.sdu", "channel_id": 42, "parameters": {"init_pred_cycle": 10, "mid_pred_cycle": 91, "final_pred_cycle": 100, "n_nominal_cycles": 40}}, "@version": "2021.1.11.15"}