{"@module": "beep.featurize", "@class": "DeltaQFastCharge", "name": "/mnt/c/Users/sjrt1/Documents/School/Winter2021/DATA451/FastCharge/data-share/features/DeltaQFastCharge/FastCharge_000002_CH47_features_DeltaQFastCharge.json", "X": {"discharge_capacity_cycle_2": [1.0691597], "max_discharge_capacity_difference": [0.4905497000000001], "discharge_capacity_cycle_100": [1.0711367], "integrated_time_temperature_cycles_1:100": [152518.0650356863], "charge_time_cycles_1:5": [614.4000244140625], "abs_min_discharge_capacity_difference_cycles_2:100": [-1.6977576694101852], "abs_mean_discharge_capacity_difference_cycles_2:100": [-2.139786850925206], "abs_variance_discharge_capacity_difference_cycles_2:100": [-4.139340184188965], "abs_skew_discharge_capacity_difference_cycles_2:100": [-0.4299842805160382], "abs_kurtosis_discharge_capacity_difference_cycles_2:100": [0.209645754797504], "abs_first_discharge_capacity_difference_cycles_2:100": [-1.7195308533441922], "max_temperature_cycles_1:100": [38.268310546875], "min_temperature_cycles_1:100": [30.96686363220215], "slope_discharge_capacity_cycle_number_2:100": [-6.511867656158997e-06], "intercept_discharge_capacity_cycle_number_2:100": [1.072289053988868], "slope_discharge_capacity_cycle_number_91:100": [-5.4339999999966286e-05], "intercept_discharge_capacity_cycle_number_91:100": [1.0765164399999962], "min_internal_resistance_cycles_2:100": [0.015742944553494453], "internal_resistance_cycle_2": [0.016009803861379623], "internal_resistance_difference_cycles_2:100": [-0.00014126673340797424], "nominal_capacity_by_median": [1.07243805]}, "metadata": {"barcode": "el150800737334", "protocol": "2018-04-12_batch8\\20180412-5C_67per_4C_newstructure.sdu", "channel_id": 46, "parameters": {"init_pred_cycle": 10, "mid_pred_cycle": 91, "final_pred_cycle": 100, "n_nominal_cycles": 40}}, "@version": "2021.1.11.15"}