{"@module": "beep.featurize", "@class": "DeltaQFastCharge", "name": "/mnt/c/Users/sjrt1/Documents/School/Winter2021/DATA451/FastCharge/data-share/features/DeltaQFastCharge/FastCharge_000067_CH41_features_DeltaQFastCharge.json", "X": {"discharge_capacity_cycle_2": [1.0702026000000002], "max_discharge_capacity_difference": [0.6228268999999995], "discharge_capacity_cycle_100": [1.0748731000000002], "integrated_time_temperature_cycles_1:100": [213775.00588586665], "charge_time_cycles_1:5": [640.0], "abs_min_discharge_capacity_difference_cycles_2:100": [-1.2507058157222266], "abs_mean_discharge_capacity_difference_cycles_2:100": [-1.5593874054067571], "abs_variance_discharge_capacity_difference_cycles_2:100": [-3.202738443972535], "abs_skew_discharge_capacity_difference_cycles_2:100": [-1.0497411890504005], "abs_kurtosis_discharge_capacity_difference_cycles_2:100": [0.28479317587545827], "abs_first_discharge_capacity_difference_cycles_2:100": [-1.3219397137237643], "max_temperature_cycles_1:100": [37.995704650878906], "min_temperature_cycles_1:100": [30.288816452026367], "slope_discharge_capacity_cycle_number_2:100": [-5.532959802105122e-06], "intercept_discharge_capacity_cycle_number_2:100": [1.0760299439497005], "slope_discharge_capacity_cycle_number_91:100": [-8.989696969656505e-06], "intercept_discharge_capacity_cycle_number_91:100": [1.075834696363632], "min_internal_resistance_cycles_2:100": [0.016066672280430794], "internal_resistance_cycle_2": [0.01634867489337921], "internal_resistance_difference_cycles_2:100": [1.86040997505188e-05], "nominal_capacity_by_median": [1.0763766]}, "metadata": {"barcode": "EL150800453773", "protocol": "2017-05-12_TESTS\\20170512-7C-40PER_3_6C.SDU", "channel_id": 40, "parameters": {"init_pred_cycle": 10, "mid_pred_cycle": 91, "final_pred_cycle": 100, "n_nominal_cycles": 40}}, "@version": "2021.1.11.15"}