{"@module": "beep.featurize", "@class": "DeltaQFastCharge", "name": "/mnt/c/Users/sjrt1/Documents/School/Winter2021/DATA451/FastCharge/data-share/features/DeltaQFastCharge/FastCharge_000033_CH14_features_DeltaQFastCharge.json", "X": {"discharge_capacity_cycle_2": [1.0641999], "max_discharge_capacity_difference": [0.8919945], "discharge_capacity_cycle_100": [1.0709631000000002], "integrated_time_temperature_cycles_1:100": [228548.54222005207], "charge_time_cycles_1:5": [640.0], "abs_min_discharge_capacity_difference_cycles_2:100": [-1.344575457119044], "abs_mean_discharge_capacity_difference_cycles_2:100": [-1.6821227286715459], "abs_variance_discharge_capacity_difference_cycles_2:100": [-3.4295138809132353], "abs_skew_discharge_capacity_difference_cycles_2:100": [-3.241596087966832], "abs_kurtosis_discharge_capacity_difference_cycles_2:100": [0.2634884291836523], "abs_first_discharge_capacity_difference_cycles_2:100": [-1.403686426228619], "max_temperature_cycles_1:100": [36.829566955566406], "min_temperature_cycles_1:100": [29.22489356994629], "slope_discharge_capacity_cycle_number_2:100": [4.333983920839628e-06], "intercept_discharge_capacity_cycle_number_2:100": [1.0716912038342608], "slope_discharge_capacity_cycle_number_91:100": [-7.635696969696176e-05], "intercept_discharge_capacity_cycle_number_91:100": [1.0783105036363625], "min_internal_resistance_cycles_2:100": [0.01672736369073391], "internal_resistance_cycle_2": [0.017228828743100166], "internal_resistance_difference_cycles_2:100": [-0.0003043282777070999], "nominal_capacity_by_median": [1.0723829500000002]}, "metadata": {"barcode": "el150800460635", "protocol": "2017-06-30_tests\\20170630-3_6C_2per_4_85C.sdu", "channel_id": 13, "parameters": {"init_pred_cycle": 10, "mid_pred_cycle": 91, "final_pred_cycle": 100, "n_nominal_cycles": 40}}, "@version": "2021.1.11.15"}