{"@module": "beep.featurize", "@class": "DeltaQFastCharge", "name": "/mnt/c/Users/sjrt1/Documents/School/Winter2021/DATA451/FastCharge/data-share/features/DeltaQFastCharge/FastCharge_000021_CH28_features_DeltaQFastCharge.json", "X": {"discharge_capacity_cycle_2": [1.0676208], "max_discharge_capacity_difference": [0.8816100999999996], "discharge_capacity_cycle_100": [1.0602171], "integrated_time_temperature_cycles_1:100": [235677.16180013024], "charge_time_cycles_1:5": [563.2000122070312], "abs_min_discharge_capacity_difference_cycles_2:100": [-1.177065093581061], "abs_mean_discharge_capacity_difference_cycles_2:100": [-1.504154994131165], "abs_variance_discharge_capacity_difference_cycles_2:100": [-3.0736199577850685], "abs_skew_discharge_capacity_difference_cycles_2:100": [-1.5189033524695923], "abs_kurtosis_discharge_capacity_difference_cycles_2:100": [0.27569310754598125], "abs_first_discharge_capacity_difference_cycles_2:100": [-1.2194245558555588], "max_temperature_cycles_1:100": [39.43522644042969], "min_temperature_cycles_1:100": [29.8597412109375], "slope_discharge_capacity_cycle_number_2:100": [-0.00014168756091528046], "intercept_discharge_capacity_cycle_number_2:100": [1.0761143517831373], "slope_discharge_capacity_cycle_number_91:100": [-0.00024233212121211304], "intercept_discharge_capacity_cycle_number_91:100": [1.0842441654545443], "min_internal_resistance_cycles_2:100": [0.01613360270857811], "internal_resistance_cycle_2": [0.017311904579401016], "internal_resistance_difference_cycles_2:100": [-0.0011024661362171173], "nominal_capacity_by_median": [1.0734784]}, "metadata": {"barcode": "el150800460510", "protocol": "2017-06-30_tests\\20170630-4C_31per_5.5C.sdu", "channel_id": 27, "parameters": {"init_pred_cycle": 10, "mid_pred_cycle": 91, "final_pred_cycle": 100, "n_nominal_cycles": 40}}, "@version": "2021.1.11.15"}