{"@module": "beep.featurize", "@class": "DeltaQFastCharge", "name": "/mnt/c/Users/sjrt1/Documents/School/Winter2021/DATA451/FastCharge/data-share/features/DeltaQFastCharge/FastCharge_000006_CH48_features_DeltaQFastCharge.json", "X": {"discharge_capacity_cycle_2": [1.0464231], "max_discharge_capacity_difference": [0.48566120000000024], "discharge_capacity_cycle_100": [1.049562], "integrated_time_temperature_cycles_1:100": [195739.7990519206], "charge_time_cycles_1:5": [614.4000244140625], "abs_min_discharge_capacity_difference_cycles_2:100": [-1.7896844996079961], "abs_mean_discharge_capacity_difference_cycles_2:100": [-2.363780663519808], "abs_variance_discharge_capacity_difference_cycles_2:100": [-4.302821721819576], "abs_skew_discharge_capacity_difference_cycles_2:100": [-0.3234980593497772], "abs_kurtosis_discharge_capacity_difference_cycles_2:100": [0.04870989065492224], "abs_first_discharge_capacity_difference_cycles_2:100": [-1.8092934310068363], "max_temperature_cycles_1:100": [36.4913215637207], "min_temperature_cycles_1:100": [30.997316360473633], "slope_discharge_capacity_cycle_number_2:100": [-3.3946159554775826e-06], "intercept_discharge_capacity_cycle_number_2:100": [1.0507216631210057], "slope_discharge_capacity_cycle_number_91:100": [-1.6730303030273872e-05], "intercept_discharge_capacity_cycle_number_91:100": [1.0513212036363604], "min_internal_resistance_cycles_2:100": [0.01548076793551445], "internal_resistance_cycle_2": [0.015740374103188515], "internal_resistance_difference_cycles_2:100": [-0.00013360567390918732], "nominal_capacity_by_median": [1.05127725]}, "metadata": {"barcode": "el150800737361", "protocol": "2018-04-12_batch8\\20180412-5_3C_54per_4C_newstructure.sdu", "channel_id": 47, "parameters": {"init_pred_cycle": 10, "mid_pred_cycle": 91, "final_pred_cycle": 100, "n_nominal_cycles": 40}}, "@version": "2021.1.11.15"}