{"@module": "beep.featurize", "@class": "DeltaQFastCharge", "name": "/mnt/c/Users/sjrt1/Documents/School/Winter2021/DATA451/FastCharge/data-share/features/DeltaQFastCharge/FastCharge_000048_CH43_features_DeltaQFastCharge.json", "X": {"discharge_capacity_cycle_2": [1.0803633999999998], "max_discharge_capacity_difference": [0.5971403000000002], "discharge_capacity_cycle_100": [1.0857989], "integrated_time_temperature_cycles_1:100": [218770.50594482422], "charge_time_cycles_1:5": [691.2000122070312], "abs_min_discharge_capacity_difference_cycles_2:100": [-1.5497476071512846], "abs_mean_discharge_capacity_difference_cycles_2:100": [-1.8835909485415312], "abs_variance_discharge_capacity_difference_cycles_2:100": [-3.856361032935395], "abs_skew_discharge_capacity_difference_cycles_2:100": [-1.133131141524727], "abs_kurtosis_discharge_capacity_difference_cycles_2:100": [0.27323743748891366], "abs_first_discharge_capacity_difference_cycles_2:100": [-1.6451299102522843], "max_temperature_cycles_1:100": [38.38856887817383], "min_temperature_cycles_1:100": [30.003732681274414], "slope_discharge_capacity_cycle_number_2:100": [-3.486295609152092e-06], "intercept_discharge_capacity_cycle_number_2:100": [1.0870500309420736], "slope_discharge_capacity_cycle_number_91:100": [-4.171878787881386e-05], "intercept_discharge_capacity_cycle_number_91:100": [1.0899116454545477], "min_internal_resistance_cycles_2:100": [0.016480760648846626], "internal_resistance_cycle_2": [0.0168396458029747], "internal_resistance_difference_cycles_2:100": [-2.956390380859375e-05], "nominal_capacity_by_median": [1.0873998]}, "metadata": {"barcode": "EL150800463229", "protocol": "2017-05-12_TESTS\\20170512-8C-15PER_3_6C.SDU", "channel_id": 42, "parameters": {"init_pred_cycle": 10, "mid_pred_cycle": 91, "final_pred_cycle": 100, "n_nominal_cycles": 40}}, "@version": "2021.1.11.15"}