{"@module": "beep.featurize", "@class": "DeltaQFastCharge", "name": "/mnt/c/Users/sjrt1/Documents/School/Winter2021/DATA451/FastCharge/data-share/features/DeltaQFastCharge/FastCharge_000072_CH34_features_DeltaQFastCharge.json", "X": {"discharge_capacity_cycle_2": [1.0758885], "max_discharge_capacity_difference": [0.8921306000000002], "discharge_capacity_cycle_100": [1.0844604], "integrated_time_temperature_cycles_1:100": [234874.82225341798], "charge_time_cycles_1:5": [588.7999877929688], "abs_min_discharge_capacity_difference_cycles_2:100": [-1.2957790575728785], "abs_mean_discharge_capacity_difference_cycles_2:100": [-1.604172222755544], "abs_variance_discharge_capacity_difference_cycles_2:100": [-3.2965411802277194], "abs_skew_discharge_capacity_difference_cycles_2:100": [-1.022331763833413], "abs_kurtosis_discharge_capacity_difference_cycles_2:100": [0.2835201475475482], "abs_first_discharge_capacity_difference_cycles_2:100": [-1.3652190892494875], "max_temperature_cycles_1:100": [37.55376052856445], "min_temperature_cycles_1:100": [29.949514389038086], "slope_discharge_capacity_cycle_number_2:100": [2.582012987012461e-05], "intercept_discharge_capacity_cycle_number_2:100": [1.0831954238095236], "slope_discharge_capacity_cycle_number_91:100": [-4.892484848482226e-05], "intercept_discharge_capacity_cycle_number_91:100": [1.0893468381818152], "min_internal_resistance_cycles_2:100": [0.017406420782208443], "internal_resistance_cycle_2": [0.0177113376557827], "internal_resistance_difference_cycles_2:100": [6.156414747238159e-05], "nominal_capacity_by_median": [1.0844260000000001]}, "metadata": {"barcode": "el150800460641", "protocol": "2017-06-30_tests\\20170630-5_2C_58per_4C.sdu", "channel_id": 33, "parameters": {"init_pred_cycle": 10, "mid_pred_cycle": 91, "final_pred_cycle": 100, "n_nominal_cycles": 40}}, "@version": "2021.1.11.15"}