{"@module": "beep.featurize", "@class": "DeltaQFastCharge", "name": "/mnt/c/Users/sjrt1/Documents/School/Winter2021/DATA451/FastCharge/data-share/features/DeltaQFastCharge/FastCharge_000002_CH18_features_DeltaQFastCharge.json", "X": {"discharge_capacity_cycle_2": [1.0636606000000002], "max_discharge_capacity_difference": [0.4938790999999998], "discharge_capacity_cycle_100": [1.0671253], "integrated_time_temperature_cycles_1:100": [209497.12162679035], "charge_time_cycles_1:5": [640.0], "abs_min_discharge_capacity_difference_cycles_2:100": [-1.5768033167959425], "abs_mean_discharge_capacity_difference_cycles_2:100": [-1.923342987403518], "abs_variance_discharge_capacity_difference_cycles_2:100": [-3.887988262137928], "abs_skew_discharge_capacity_difference_cycles_2:100": [-1.1403814898857094], "abs_kurtosis_discharge_capacity_difference_cycles_2:100": [0.2615868870863075], "abs_first_discharge_capacity_difference_cycles_2:100": [-1.6264689079682866], "max_temperature_cycles_1:100": [35.5458984375], "min_temperature_cycles_1:100": [30.969942092895508], "slope_discharge_capacity_cycle_number_2:100": [-6.920346320978141e-08], "intercept_discharge_capacity_cycle_number_2:100": [1.067975557142857], "slope_discharge_capacity_cycle_number_91:100": [-3.663999999997916e-05], "intercept_discharge_capacity_cycle_number_91:100": [1.0707460199999979], "min_internal_resistance_cycles_2:100": [0.015200929716229439], "internal_resistance_cycle_2": [0.015485342592000961], "internal_resistance_difference_cycles_2:100": [-0.00021591316908597946], "nominal_capacity_by_median": [1.068416]}, "metadata": {"barcode": "el150800737233", "protocol": "2018-04-12_batch8\\20180412-5C_67per_4C_newstructure.sdu", "channel_id": 17, "parameters": {"init_pred_cycle": 10, "mid_pred_cycle": 91, "final_pred_cycle": 100, "n_nominal_cycles": 40}}, "@version": "2021.1.11.15"}