{"@module": "beep.featurize", "@class": "DeltaQFastCharge", "name": "/mnt/c/Users/sjrt1/Documents/School/Winter2021/DATA451/FastCharge/data-share/features/DeltaQFastCharge/FastCharge_000023_CH37_features_DeltaQFastCharge.json", "X": {"discharge_capacity_cycle_2": [1.0750237], "max_discharge_capacity_difference": [0.6108784], "discharge_capacity_cycle_100": [1.0802133999999999], "integrated_time_temperature_cycles_1:100": [209923.25859306668], "charge_time_cycles_1:5": [691.2000122070312], "abs_min_discharge_capacity_difference_cycles_2:100": [-1.3581058019875842], "abs_mean_discharge_capacity_difference_cycles_2:100": [-1.670795976092202], "abs_variance_discharge_capacity_difference_cycles_2:100": [-3.4374999288604053], "abs_skew_discharge_capacity_difference_cycles_2:100": [-1.0122206433948784], "abs_kurtosis_discharge_capacity_difference_cycles_2:100": [0.2782563674433352], "abs_first_discharge_capacity_difference_cycles_2:100": [-1.4230436447814256], "max_temperature_cycles_1:100": [34.868446350097656], "min_temperature_cycles_1:100": [30.028350830078125], "slope_discharge_capacity_cycle_number_2:100": [-2.75307359307669e-06], "intercept_discharge_capacity_cycle_number_2:100": [1.0813615122655118], "slope_discharge_capacity_cycle_number_91:100": [-4.209454545454142e-05], "intercept_discharge_capacity_cycle_number_91:100": [1.0844219345454535], "min_internal_resistance_cycles_2:100": [0.016229769214987755], "internal_resistance_cycle_2": [0.016550682485103607], "internal_resistance_difference_cycles_2:100": [8.35023820400238e-06], "nominal_capacity_by_median": [1.0818302000000002]}, "metadata": {"barcode": "EL150800460506", "protocol": "2017-05-12_TESTS\\20170512-7C-40PER_3C.SDU", "channel_id": 36, "parameters": {"init_pred_cycle": 10, "mid_pred_cycle": 91, "final_pred_cycle": 100, "n_nominal_cycles": 40}}, "@version": "2021.1.11.15"}