{"@module": "beep.featurize", "@class": "DeltaQFastCharge", "name": "/mnt/c/Users/sjrt1/Documents/School/Winter2021/DATA451/FastCharge/data-share/features/DeltaQFastCharge/FastCharge_000031_CH9_features_DeltaQFastCharge.json", "X": {"discharge_capacity_cycle_2": [1.0680572], "max_discharge_capacity_difference": [0.8866679000000002], "discharge_capacity_cycle_100": [1.0400827], "integrated_time_temperature_cycles_1:100": [215900.38505045572], "charge_time_cycles_1:5": [614.4000244140625], "abs_min_discharge_capacity_difference_cycles_2:100": [-0.7812335774472353], "abs_mean_discharge_capacity_difference_cycles_2:100": [-1.1395226138665226], "abs_variance_discharge_capacity_difference_cycles_2:100": [-2.369260047507666], "abs_skew_discharge_capacity_difference_cycles_2:100": [-1.1679576073026734], "abs_kurtosis_discharge_capacity_difference_cycles_2:100": [0.2758232032933187], "abs_first_discharge_capacity_difference_cycles_2:100": [-0.9249798501023996], "max_temperature_cycles_1:100": [33.97221755981445], "min_temperature_cycles_1:100": [26.734909057617188], "slope_discharge_capacity_cycle_number_2:100": [-0.0003453728645640137], "intercept_discharge_capacity_cycle_number_2:100": [1.0783150472686043], "slope_discharge_capacity_cycle_number_91:100": [-0.0006957345454545556], "intercept_discharge_capacity_cycle_number_91:100": [1.108763914545455], "min_internal_resistance_cycles_2:100": [0.016423750668764114], "internal_resistance_cycle_2": [0.017542101442813873], "internal_resistance_difference_cycles_2:100": [9.79062169790268e-05], "nominal_capacity_by_median": [1.07167855]}, "metadata": {"barcode": "el150800460518", "protocol": "2017-06-30_tests\\20170629-1C_4per_6C.sdu", "channel_id": 8, "parameters": {"init_pred_cycle": 10, "mid_pred_cycle": 91, "final_pred_cycle": 100, "n_nominal_cycles": 40}}, "@version": "2021.1.11.15"}