{"@module": "beep.featurize", "@class": "DeltaQFastCharge", "name": "/mnt/c/Users/sjrt1/Documents/School/Winter2021/DATA451/FastCharge/data-share/features/DeltaQFastCharge/FastCharge_000062_CH47_features_DeltaQFastCharge.json", "X": {"discharge_capacity_cycle_2": [1.0683196000000001], "max_discharge_capacity_difference": [0.8804502999999999], "discharge_capacity_cycle_100": [1.0796605], "integrated_time_temperature_cycles_1:100": [229476.91981608077], "charge_time_cycles_1:5": [588.7999877929688], "abs_min_discharge_capacity_difference_cycles_2:100": [-1.2443295845254574], "abs_mean_discharge_capacity_difference_cycles_2:100": [-1.5525282206597983], "abs_variance_discharge_capacity_difference_cycles_2:100": [-3.1814958716836217], "abs_skew_discharge_capacity_difference_cycles_2:100": [-1.1330477129306282], "abs_kurtosis_discharge_capacity_difference_cycles_2:100": [0.2839577820584659], "abs_first_discharge_capacity_difference_cycles_2:100": [-1.2825052198437803], "max_temperature_cycles_1:100": [37.89493179321289], "min_temperature_cycles_1:100": [29.271289825439453], "slope_discharge_capacity_cycle_number_2:100": [3.5691027829312505e-05], "intercept_discharge_capacity_cycle_number_2:100": [1.0772326546691404], "slope_discharge_capacity_cycle_number_91:100": [-6.279393939384243e-06], "intercept_discharge_capacity_cycle_number_91:100": [1.0801825927272715], "min_internal_resistance_cycles_2:100": [0.017551574856042862], "internal_resistance_cycle_2": [0.017926272004842758], "internal_resistance_difference_cycles_2:100": [-3.241002559661865e-07], "nominal_capacity_by_median": [1.07870925]}, "metadata": {"barcode": "el150800460678", "protocol": "2017-06-30_tests\\20170630-6C_52per_3_5C.sdu", "channel_id": 46, "parameters": {"init_pred_cycle": 10, "mid_pred_cycle": 91, "final_pred_cycle": 100, "n_nominal_cycles": 40}}, "@version": "2021.1.11.15"}