{"@module": "beep.featurize", "@class": "DeltaQFastCharge", "name": "/mnt/c/Users/sjrt1/Documents/School/Winter2021/DATA451/FastCharge/data-share/features/DeltaQFastCharge/FastCharge_000037_CH22_features_DeltaQFastCharge.json", "X": {"discharge_capacity_cycle_2": [1.0773282], "max_discharge_capacity_difference": [0.6102822999999999], "discharge_capacity_cycle_100": [1.0836629], "integrated_time_temperature_cycles_1:100": [205682.50825602215], "charge_time_cycles_1:5": [640.0], "abs_min_discharge_capacity_difference_cycles_2:100": [-1.5405001147546848], "abs_mean_discharge_capacity_difference_cycles_2:100": [-1.8826942441497767], "abs_variance_discharge_capacity_difference_cycles_2:100": [-3.8193448826543483], "abs_skew_discharge_capacity_difference_cycles_2:100": [-1.4605981858512662], "abs_kurtosis_discharge_capacity_difference_cycles_2:100": [0.2646380485534067], "abs_first_discharge_capacity_difference_cycles_2:100": [-1.5895390037389383], "max_temperature_cycles_1:100": [35.892478942871094], "min_temperature_cycles_1:100": [29.7574405670166], "slope_discharge_capacity_cycle_number_2:100": [9.055630179340067e-06], "intercept_discharge_capacity_cycle_number_2:100": [1.0837566386930526], "slope_discharge_capacity_cycle_number_91:100": [-2.6915151515130668e-05], "intercept_discharge_capacity_cycle_number_91:100": [1.0863474618181796], "min_internal_resistance_cycles_2:100": [0.0167066790163517], "internal_resistance_cycle_2": [0.017176728695631027], "internal_resistance_difference_cycles_2:100": [-3.80687415599823e-05], "nominal_capacity_by_median": [1.0844985999999999]}, "metadata": {"barcode": "EL150800460658", "protocol": "2017-05-12_TESTS\\20170512-5_4C-50PER_3_6C.SDU", "channel_id": 21, "parameters": {"init_pred_cycle": 10, "mid_pred_cycle": 91, "final_pred_cycle": 100, "n_nominal_cycles": 40}}, "@version": "2021.1.11.15"}