{"@module": "beep.featurize", "@class": "DeltaQFastCharge", "name": "/mnt/c/Users/sjrt1/Documents/School/Winter2021/DATA451/FastCharge/data-share/features/DeltaQFastCharge/FastCharge_000009_CH7_features_DeltaQFastCharge.json", "X": {"discharge_capacity_cycle_2": [1.0640886999999999], "max_discharge_capacity_difference": [0.8879968], "discharge_capacity_cycle_100": [1.067667], "integrated_time_temperature_cycles_1:100": [214983.11381022134], "charge_time_cycles_1:5": [588.7999877929688], "abs_min_discharge_capacity_difference_cycles_2:100": [-1.2146361788438353], "abs_mean_discharge_capacity_difference_cycles_2:100": [-1.5235279073714965], "abs_variance_discharge_capacity_difference_cycles_2:100": [-3.1280078538802476], "abs_skew_discharge_capacity_difference_cycles_2:100": [-1.1025308334777737], "abs_kurtosis_discharge_capacity_difference_cycles_2:100": [0.2838434315601559], "abs_first_discharge_capacity_difference_cycles_2:100": [-1.2774092257063467], "max_temperature_cycles_1:100": [34.01215744018555], "min_temperature_cycles_1:100": [27.86981201171875], "slope_discharge_capacity_cycle_number_2:100": [-2.4636963512685746e-05], "intercept_discharge_capacity_cycle_number_2:100": [1.0717424643372502], "slope_discharge_capacity_cycle_number_91:100": [-0.0001298648484848356], "intercept_discharge_capacity_cycle_number_91:100": [1.0805481781818167], "min_internal_resistance_cycles_2:100": [0.016953356564044952], "internal_resistance_cycle_2": [0.017749527469277382], "internal_resistance_difference_cycles_2:100": [-0.0006389152258634567], "nominal_capacity_by_median": [1.0716842999999998]}, "metadata": {"barcode": "el150800460611", "protocol": "2017-06-30_tests\\20170630-4_8C_80per_4_8C.sdu", "channel_id": 6, "parameters": {"init_pred_cycle": 10, "mid_pred_cycle": 91, "final_pred_cycle": 100, "n_nominal_cycles": 40}}, "@version": "2021.1.11.15"}