{"@module": "beep.featurize", "@class": "DeltaQFastCharge", "name": "/mnt/c/Users/sjrt1/Documents/School/Winter2021/DATA451/FastCharge/data-share/features/DeltaQFastCharge/FastCharge_000017_CH41_features_DeltaQFastCharge.json", "X": {"discharge_capacity_cycle_2": [1.07156], "max_discharge_capacity_difference": [0.49319089999999965], "discharge_capacity_cycle_100": [1.0734451999999999], "integrated_time_temperature_cycles_1:100": [212631.80100097656], "charge_time_cycles_1:5": [691.2000122070312], "abs_min_discharge_capacity_difference_cycles_2:100": [-2.002520878858459], "abs_mean_discharge_capacity_difference_cycles_2:100": [-3.178515486622106], "abs_variance_discharge_capacity_difference_cycles_2:100": [-4.494231261436731], "abs_skew_discharge_capacity_difference_cycles_2:100": [-0.49911877961726714], "abs_kurtosis_discharge_capacity_difference_cycles_2:100": [-0.501357006825941], "abs_first_discharge_capacity_difference_cycles_2:100": [-2.026641774030592], "max_temperature_cycles_1:100": [38.663818359375], "min_temperature_cycles_1:100": [31.879961013793945], "slope_discharge_capacity_cycle_number_2:100": [-8.47805318491537e-06], "intercept_discharge_capacity_cycle_number_2:100": [1.0747347157905585], "slope_discharge_capacity_cycle_number_91:100": [-4.8186666666636435e-05], "intercept_discharge_capacity_cycle_number_91:100": [1.0781693199999967], "min_internal_resistance_cycles_2:100": [0.015263473615050316], "internal_resistance_cycle_2": [0.015598003752529621], "internal_resistance_difference_cycles_2:100": [-0.0002690628170967102], "nominal_capacity_by_median": [1.0748597]}, "metadata": {"barcode": "el150800737297", "protocol": "2018-04-12_batch8\\20180412-4_8C_80per_4_8C_newstructure.sdu", "channel_id": 40, "parameters": {"init_pred_cycle": 10, "mid_pred_cycle": 91, "final_pred_cycle": 100, "n_nominal_cycles": 40}}, "@version": "2021.1.11.15"}