{"@module": "beep.featurize", "@class": "DeltaQFastCharge", "name": "/mnt/c/Users/sjrt1/Documents/School/Winter2021/DATA451/FastCharge/data-share/features/DeltaQFastCharge/FastCharge_000068_CH38_features_DeltaQFastCharge.json", "X": {"discharge_capacity_cycle_2": [1.0712371], "max_discharge_capacity_difference": [0.8892714999999998], "discharge_capacity_cycle_100": [1.0812975], "integrated_time_temperature_cycles_1:100": [228156.01973876957], "charge_time_cycles_1:5": [588.7999877929688], "abs_min_discharge_capacity_difference_cycles_2:100": [-1.2706811257224029], "abs_mean_discharge_capacity_difference_cycles_2:100": [-1.5957995885887588], "abs_variance_discharge_capacity_difference_cycles_2:100": [-3.2499697734394593], "abs_skew_discharge_capacity_difference_cycles_2:100": [-1.8758545729785838], "abs_kurtosis_discharge_capacity_difference_cycles_2:100": [0.27860576891414407], "abs_first_discharge_capacity_difference_cycles_2:100": [-1.3402855902048354], "max_temperature_cycles_1:100": [36.404029846191406], "min_temperature_cycles_1:100": [29.36782455444336], "slope_discharge_capacity_cycle_number_2:100": [4.04160235003053e-05], "intercept_discharge_capacity_cycle_number_2:100": [1.0785615462997316], "slope_discharge_capacity_cycle_number_91:100": [-4.321636363634586e-05], "intercept_discharge_capacity_cycle_number_91:100": [1.0854621963636346], "min_internal_resistance_cycles_2:100": [0.017982490360736847], "internal_resistance_cycle_2": [0.018337424844503403], "internal_resistance_difference_cycles_2:100": [-4.110485315322876e-05], "nominal_capacity_by_median": [1.0801045999999999]}, "metadata": {"barcode": "el150800460511", "protocol": "2017-06-30_tests\\20170630-5_6C_38per_4_25C.sdu", "channel_id": 37, "parameters": {"init_pred_cycle": 10, "mid_pred_cycle": 91, "final_pred_cycle": 100, "n_nominal_cycles": 40}}, "@version": "2021.1.11.15"}