{"@module": "beep.featurize", "@class": "DeltaQFastCharge", "name": "/mnt/c/Users/sjrt1/Documents/School/Winter2021/DATA451/FastCharge/data-share/features/DeltaQFastCharge/FastCharge_000056_CH11_features_DeltaQFastCharge.json", "X": {"discharge_capacity_cycle_2": [1.0708591], "max_discharge_capacity_difference": [0.884855], "discharge_capacity_cycle_100": [1.0761577], "integrated_time_temperature_cycles_1:100": [232788.1038614909], "charge_time_cycles_1:5": [537.5999755859375], "abs_min_discharge_capacity_difference_cycles_2:100": [-1.1337639888747548], "abs_mean_discharge_capacity_difference_cycles_2:100": [-1.4873960087071967], "abs_variance_discharge_capacity_difference_cycles_2:100": [-3.071351764831355], "abs_skew_discharge_capacity_difference_cycles_2:100": [-1.0022840821052734], "abs_kurtosis_discharge_capacity_difference_cycles_2:100": [0.27759839318864316], "abs_first_discharge_capacity_difference_cycles_2:100": [-1.3039511653955722], "max_temperature_cycles_1:100": [39.198795318603516], "min_temperature_cycles_1:100": [28.835935592651367], "slope_discharge_capacity_cycle_number_2:100": [-7.192359925797469e-06], "intercept_discharge_capacity_cycle_number_2:100": [1.0783349654710368], "slope_discharge_capacity_cycle_number_91:100": [-9.925151515149496e-05], "intercept_discharge_capacity_cycle_number_91:100": [1.0857608781818158], "min_internal_resistance_cycles_2:100": [0.017209326848387718], "internal_resistance_cycle_2": [0.01780419796705246], "internal_resistance_difference_cycles_2:100": [-0.00026001594960689545], "nominal_capacity_by_median": [1.0786243]}, "metadata": {"barcode": "el150800460602", "protocol": "2017-06-30_tests\\20170629-2C_2per_5C.sdu", "channel_id": 10, "parameters": {"init_pred_cycle": 10, "mid_pred_cycle": 91, "final_pred_cycle": 100, "n_nominal_cycles": 40}}, "@version": "2021.1.11.15"}