{"@module": "beep.featurize", "@class": "DeltaQFastCharge", "name": "/mnt/c/Users/sjrt1/Documents/School/Winter2021/DATA451/FastCharge/data-share/features/DeltaQFastCharge/FastCharge_000023_CH38_features_DeltaQFastCharge.json", "X": {"discharge_capacity_cycle_2": [1.0719458], "max_discharge_capacity_difference": [0.6027628], "discharge_capacity_cycle_100": [1.0768373], "integrated_time_temperature_cycles_1:100": [214162.9917952], "charge_time_cycles_1:5": [665.5999755859375], "abs_min_discharge_capacity_difference_cycles_2:100": [-1.360344251397841], "abs_mean_discharge_capacity_difference_cycles_2:100": [-1.6803888795113853], "abs_variance_discharge_capacity_difference_cycles_2:100": [-3.4461440116466173], "abs_skew_discharge_capacity_difference_cycles_2:100": [-1.101159537348428], "abs_kurtosis_discharge_capacity_difference_cycles_2:100": [0.2772093734076055], "abs_first_discharge_capacity_difference_cycles_2:100": [-1.4513766142719868], "max_temperature_cycles_1:100": [36.99362564086914], "min_temperature_cycles_1:100": [29.98895835876465], "slope_discharge_capacity_cycle_number_2:100": [-5.236864564014164e-06], "intercept_discharge_capacity_cycle_number_2:100": [1.0782427876726446], "slope_discharge_capacity_cycle_number_91:100": [-4.369939393940307e-05], "intercept_discharge_capacity_cycle_number_91:100": [1.0811670527272734], "min_internal_resistance_cycles_2:100": [0.016318144276738167], "internal_resistance_cycle_2": [0.016684286296367645], "internal_resistance_difference_cycles_2:100": [-1.0309740900993347e-05], "nominal_capacity_by_median": [1.078652]}, "metadata": {"barcode": "EL150800460601", "protocol": "2017-05-12_TESTS\\20170512-7C-40PER_3C.SDU", "channel_id": 37, "parameters": {"init_pred_cycle": 10, "mid_pred_cycle": 91, "final_pred_cycle": 100, "n_nominal_cycles": 40}}, "@version": "2021.1.11.15"}