{"@module": "beep.featurize", "@class": "DeltaQFastCharge", "name": "/mnt/c/Users/sjrt1/Documents/School/Winter2021/DATA451/FastCharge/data-share/features/DeltaQFastCharge/FastCharge_000039_CH28_features_DeltaQFastCharge.json", "X": {"discharge_capacity_cycle_2": [1.076773], "max_discharge_capacity_difference": [0.6095633999999999], "discharge_capacity_cycle_100": [1.081872], "integrated_time_temperature_cycles_1:100": [211724.2973347982], "charge_time_cycles_1:5": [665.5999755859375], "abs_min_discharge_capacity_difference_cycles_2:100": [-1.4345500211683924], "abs_mean_discharge_capacity_difference_cycles_2:100": [-1.7569173958277333], "abs_variance_discharge_capacity_difference_cycles_2:100": [-3.5981121254518635], "abs_skew_discharge_capacity_difference_cycles_2:100": [-1.1794992497253953], "abs_kurtosis_discharge_capacity_difference_cycles_2:100": [0.2748439850244022], "abs_first_discharge_capacity_difference_cycles_2:100": [-1.5126349877804994], "max_temperature_cycles_1:100": [36.258758544921875], "min_temperature_cycles_1:100": [30.240516662597656], "slope_discharge_capacity_cycle_number_2:100": [-9.692158317928263e-07], "intercept_discharge_capacity_cycle_number_2:100": [1.0827803961451243], "slope_discharge_capacity_cycle_number_91:100": [-3.260606060603442e-05], "intercept_discharge_capacity_cycle_number_91:100": [1.0851153127272701], "min_internal_resistance_cycles_2:100": [0.016308506950736046], "internal_resistance_cycle_2": [0.01668933592736721], "internal_resistance_difference_cycles_2:100": [-3.100000321865082e-05], "nominal_capacity_by_median": [1.0832342499999998]}, "metadata": {"barcode": "EL150800460644", "protocol": "2017-05-12_TESTS\\20170512-6C-50PER_3C.SDU", "channel_id": 27, "parameters": {"init_pred_cycle": 10, "mid_pred_cycle": 91, "final_pred_cycle": 100, "n_nominal_cycles": 40}}, "@version": "2021.1.11.15"}