{"@module": "beep.featurize", "@class": "DeltaQFastCharge", "name": "/mnt/c/Users/sjrt1/Documents/School/Winter2021/DATA451/FastCharge/data-share/features/DeltaQFastCharge/FastCharge_000055_CH20_features_DeltaQFastCharge.json", "X": {"discharge_capacity_cycle_2": [1.0786781], "max_discharge_capacity_difference": [0.8859812], "discharge_capacity_cycle_100": [1.0865527], "integrated_time_temperature_cycles_1:100": [233204.15875651044], "charge_time_cycles_1:5": [614.4000244140625], "abs_min_discharge_capacity_difference_cycles_2:100": [-1.373750144542933], "abs_mean_discharge_capacity_difference_cycles_2:100": [-1.7808899231988338], "abs_variance_discharge_capacity_difference_cycles_2:100": [-3.5519565395490433], "abs_skew_discharge_capacity_difference_cycles_2:100": [-0.39175630091730795], "abs_kurtosis_discharge_capacity_difference_cycles_2:100": [0.16707400582204693], "abs_first_discharge_capacity_difference_cycles_2:100": [-1.412406775357741], "max_temperature_cycles_1:100": [38.406009674072266], "min_temperature_cycles_1:100": [29.268983840942383], "slope_discharge_capacity_cycle_number_2:100": [3.7085837971218374e-07], "intercept_discharge_capacity_cycle_number_2:100": [1.0878605904143475], "slope_discharge_capacity_cycle_number_91:100": [-7.97278787878959e-05], "intercept_discharge_capacity_cycle_number_91:100": [1.094153374545456], "min_internal_resistance_cycles_2:100": [0.017116760835051537], "internal_resistance_cycle_2": [0.017673972994089127], "internal_resistance_difference_cycles_2:100": [-0.00014015287160873413], "nominal_capacity_by_median": [1.08856545]}, "metadata": {"barcode": "el150800460652", "protocol": "2017-06-30_tests\\20170630-4_4C_8per_4_85C.sdu", "channel_id": 19, "parameters": {"init_pred_cycle": 10, "mid_pred_cycle": 91, "final_pred_cycle": 100, "n_nominal_cycles": 40}}, "@version": "2021.1.11.15"}