{"@module": "beep.featurize", "@class": "DeltaQFastCharge", "name": "/mnt/c/Users/sjrt1/Documents/School/Winter2021/DATA451/FastCharge/data-share/features/DeltaQFastCharge/FastCharge_000002_CH42_features_DeltaQFastCharge.json", "X": {"discharge_capacity_cycle_2": [1.0594152000000001], "max_discharge_capacity_difference": [0.4907539999999997], "discharge_capacity_cycle_100": [1.0610051999999999], "integrated_time_temperature_cycles_1:100": [197824.53690999348], "charge_time_cycles_1:5": [614.4000244140625], "abs_min_discharge_capacity_difference_cycles_2:100": [-1.7116007113337552], "abs_mean_discharge_capacity_difference_cycles_2:100": [-2.1256334643962145], "abs_variance_discharge_capacity_difference_cycles_2:100": [-4.16956570113559], "abs_skew_discharge_capacity_difference_cycles_2:100": [-0.49869508525195455], "abs_kurtosis_discharge_capacity_difference_cycles_2:100": [0.2337661166218654], "abs_first_discharge_capacity_difference_cycles_2:100": [-1.7802354504572118], "max_temperature_cycles_1:100": [34.695709228515625], "min_temperature_cycles_1:100": [31.415868759155273], "slope_discharge_capacity_cycle_number_2:100": [-1.0161539888685842e-05], "intercept_discharge_capacity_cycle_number_2:100": [1.062652073964131], "slope_discharge_capacity_cycle_number_91:100": [-4.516969696970905e-05], "intercept_discharge_capacity_cycle_number_91:100": [1.0655039363636374], "min_internal_resistance_cycles_2:100": [0.015279103070497513], "internal_resistance_cycle_2": [0.015608472749590874], "internal_resistance_difference_cycles_2:100": [-0.00022357888519763947], "nominal_capacity_by_median": [1.0627165]}, "metadata": {"barcode": "el150800737304", "protocol": "2018-04-12_batch8\\20180412-5C_67per_4C_newstructure.sdu", "channel_id": 41, "parameters": {"init_pred_cycle": 10, "mid_pred_cycle": 91, "final_pred_cycle": 100, "n_nominal_cycles": 40}}, "@version": "2021.1.11.15"}