{"@module": "beep.featurize", "@class": "DeltaQFastCharge", "name": "/mnt/c/Users/sjrt1/Documents/School/Winter2021/DATA451/FastCharge/data-share/features/DeltaQFastCharge/FastCharge_000047_CH21_features_DeltaQFastCharge.json", "X": {"discharge_capacity_cycle_2": [1.0718927], "max_discharge_capacity_difference": [0.8871230999999999], "discharge_capacity_cycle_100": [1.0768993], "integrated_time_temperature_cycles_1:100": [231085.02860514322], "charge_time_cycles_1:5": [588.7999877929688], "abs_min_discharge_capacity_difference_cycles_2:100": [-1.3407948011600987], "abs_mean_discharge_capacity_difference_cycles_2:100": [-1.6871014311326022], "abs_variance_discharge_capacity_difference_cycles_2:100": [-3.4484667976623684], "abs_skew_discharge_capacity_difference_cycles_2:100": [-1.5913459986458114], "abs_kurtosis_discharge_capacity_difference_cycles_2:100": [0.25323594771682306], "abs_first_discharge_capacity_difference_cycles_2:100": [-1.3707762084913244], "max_temperature_cycles_1:100": [37.163726806640625], "min_temperature_cycles_1:100": [29.150012969970703], "slope_discharge_capacity_cycle_number_2:100": [-3.7117087198516396e-05], "intercept_discharge_capacity_cycle_number_2:100": [1.0817020432488145], "slope_discharge_capacity_cycle_number_91:100": [-0.0001263369696969613], "intercept_discharge_capacity_cycle_number_91:100": [1.0889998836363624], "min_internal_resistance_cycles_2:100": [0.017165524885058403], "internal_resistance_cycle_2": [0.017981208860874176], "internal_resistance_difference_cycles_2:100": [-0.0004633404314517975], "nominal_capacity_by_median": [1.08149365]}, "metadata": {"barcode": "el150800460603", "protocol": "2017-06-30_tests\\20170630-4_65C_19per_4_85C.sdu", "channel_id": 20, "parameters": {"init_pred_cycle": 10, "mid_pred_cycle": 91, "final_pred_cycle": 100, "n_nominal_cycles": 40}}, "@version": "2021.1.11.15"}