{"@module": "beep.featurize", "@class": "DeltaQFastCharge", "name": "/mnt/c/Users/sjrt1/Documents/School/Winter2021/DATA451/FastCharge/data-share/features/DeltaQFastCharge/FastCharge_000012_CH23_features_DeltaQFastCharge.json", "X": {"discharge_capacity_cycle_2": [1.0716274], "max_discharge_capacity_difference": [0.5015558000000002], "discharge_capacity_cycle_100": [1.0764278999999999], "integrated_time_temperature_cycles_1:100": [157960.70752954163], "charge_time_cycles_1:5": [640.0], "abs_min_discharge_capacity_difference_cycles_2:100": [-1.5363737282058394], "abs_mean_discharge_capacity_difference_cycles_2:100": [-1.8514588948421573], "abs_variance_discharge_capacity_difference_cycles_2:100": [-3.7779695418445924], "abs_skew_discharge_capacity_difference_cycles_2:100": [-1.389916506932537], "abs_kurtosis_discharge_capacity_difference_cycles_2:100": [0.2753554440225346], "abs_first_discharge_capacity_difference_cycles_2:100": [-1.5953917401469888], "max_temperature_cycles_1:100": [36.101497650146484], "min_temperature_cycles_1:100": [30.79009246826172], "slope_discharge_capacity_cycle_number_2:100": [8.287649969073677e-06], "intercept_discharge_capacity_cycle_number_2:100": [1.0765532972995258], "slope_discharge_capacity_cycle_number_91:100": [-9.758787878808289e-06], "intercept_discharge_capacity_cycle_number_91:100": [1.0774186054545472], "min_internal_resistance_cycles_2:100": [0.015496999025344849], "internal_resistance_cycle_2": [0.01570981554687023], "internal_resistance_difference_cycles_2:100": [-0.00011419318616390228], "nominal_capacity_by_median": [1.0772460000000001]}, "metadata": {"barcode": "el150800737387", "protocol": "2018-04-12_batch8\\20180412-5_6C_36per_4_3C_newstructure.sdu", "channel_id": 22, "parameters": {"init_pred_cycle": 10, "mid_pred_cycle": 91, "final_pred_cycle": 100, "n_nominal_cycles": 40}}, "@version": "2021.1.11.15"}