{"@module": "beep.featurize", "@class": "DeltaQFastCharge", "name": "/mnt/c/Users/sjrt1/Documents/School/Winter2021/DATA451/FastCharge/data-share/features/DeltaQFastCharge/FastCharge_000005_CH18_features_DeltaQFastCharge.json", "X": {"discharge_capacity_cycle_2": [1.0610169], "max_discharge_capacity_difference": [0.8916163999999998], "discharge_capacity_cycle_100": [1.0587758], "integrated_time_temperature_cycles_1:100": [233564.31125895184], "charge_time_cycles_1:5": [640.0], "abs_min_discharge_capacity_difference_cycles_2:100": [-1.1393383616943527], "abs_mean_discharge_capacity_difference_cycles_2:100": [-1.4581505053947175], "abs_variance_discharge_capacity_difference_cycles_2:100": [-2.998901783570479], "abs_skew_discharge_capacity_difference_cycles_2:100": [-1.191361036703543], "abs_kurtosis_discharge_capacity_difference_cycles_2:100": [0.2792406428349571], "abs_first_discharge_capacity_difference_cycles_2:100": [-1.2214805359716214], "max_temperature_cycles_1:100": [38.7081298828125], "min_temperature_cycles_1:100": [29.016958236694336], "slope_discharge_capacity_cycle_number_2:100": [-7.63935423623982e-05], "intercept_discharge_capacity_cycle_number_2:100": [1.0679653761080188], "slope_discharge_capacity_cycle_number_91:100": [-0.0001747987878787755], "intercept_discharge_capacity_cycle_number_91:100": [1.0761017854545438], "min_internal_resistance_cycles_2:100": [0.01669757440686226], "internal_resistance_cycle_2": [0.01768866367638111], "internal_resistance_difference_cycles_2:100": [-0.0006887484341859818], "nominal_capacity_by_median": [1.0665885]}, "metadata": {"barcode": "el150800460480", "protocol": "2017-06-30_tests\\20170630-4_4C_47per_5_5C.sdu", "channel_id": 17, "parameters": {"init_pred_cycle": 10, "mid_pred_cycle": 91, "final_pred_cycle": 100, "n_nominal_cycles": 40}}, "@version": "2021.1.11.15"}