{"@module": "beep.featurize", "@class": "DeltaQFastCharge", "name": "/mnt/c/Users/sjrt1/Documents/School/Winter2021/DATA451/FastCharge/data-share/features/DeltaQFastCharge/FastCharge_000017_CH1_features_DeltaQFastCharge.json", "X": {"discharge_capacity_cycle_2": [1.0608749], "max_discharge_capacity_difference": [0.4933137000000001], "discharge_capacity_cycle_100": [1.0637165000000002], "integrated_time_temperature_cycles_1:100": [155690.97866210935], "charge_time_cycles_1:5": [716.7999877929688], "abs_min_discharge_capacity_difference_cycles_2:100": [-1.73382615866376], "abs_mean_discharge_capacity_difference_cycles_2:100": [-2.111832414679495], "abs_variance_discharge_capacity_difference_cycles_2:100": [-4.200994816768676], "abs_skew_discharge_capacity_difference_cycles_2:100": [-0.7028424184116542], "abs_kurtosis_discharge_capacity_difference_cycles_2:100": [0.25512960785396704], "abs_first_discharge_capacity_difference_cycles_2:100": [-1.7793959561818815], "max_temperature_cycles_1:100": [35.20887756347656], "min_temperature_cycles_1:100": [30.4371337890625], "slope_discharge_capacity_cycle_number_2:100": [4.767285095849593e-07], "intercept_discharge_capacity_cycle_number_2:100": [1.0643394403421973], "slope_discharge_capacity_cycle_number_91:100": [-4.4130909090892916e-05], "intercept_discharge_capacity_cycle_number_91:100": [1.068059590909089], "min_internal_resistance_cycles_2:100": [0.015318612568080425], "internal_resistance_cycle_2": [0.015538276173174381], "internal_resistance_difference_cycles_2:100": [-0.00012612249702215195], "nominal_capacity_by_median": [1.0647712]}, "metadata": {"barcode": "el150800737277", "protocol": "2018-04-12_batch8\\20180412-4_8C_80per_4_8C_newstructure.sdu", "channel_id": 0, "parameters": {"init_pred_cycle": 10, "mid_pred_cycle": 91, "final_pred_cycle": 100, "n_nominal_cycles": 40}}, "@version": "2021.1.11.15"}