{"@module": "beep.featurize", "@class": "DeltaQFastCharge", "name": "/mnt/c/Users/sjrt1/Documents/School/Winter2021/DATA451/FastCharge/data-share/features/DeltaQFastCharge/FastCharge_000030_CH30_features_DeltaQFastCharge.json", "X": {"discharge_capacity_cycle_2": [1.0742625], "max_discharge_capacity_difference": [0.8875089], "discharge_capacity_cycle_100": [1.0810440000000001], "integrated_time_temperature_cycles_1:100": [233649.30202636716], "charge_time_cycles_1:5": [588.7999877929688], "abs_min_discharge_capacity_difference_cycles_2:100": [-1.298934431076787], "abs_mean_discharge_capacity_difference_cycles_2:100": [-1.6031159081874706], "abs_variance_discharge_capacity_difference_cycles_2:100": [-3.288508852737882], "abs_skew_discharge_capacity_difference_cycles_2:100": [-1.0138950813783396], "abs_kurtosis_discharge_capacity_difference_cycles_2:100": [0.285409421356309], "abs_first_discharge_capacity_difference_cycles_2:100": [-1.3697481109192349], "max_temperature_cycles_1:100": [38.206268310546875], "min_temperature_cycles_1:100": [29.854347229003906], "slope_discharge_capacity_cycle_number_2:100": [1.4545714285683861e-06], "intercept_discharge_capacity_cycle_number_2:100": [1.0819288229437227], "slope_discharge_capacity_cycle_number_91:100": [-4.79581818181526e-05], "intercept_discharge_capacity_cycle_number_91:100": [1.085682958181815], "min_internal_resistance_cycles_2:100": [0.016895344480872154], "internal_resistance_cycle_2": [0.01732199266552925], "internal_resistance_difference_cycles_2:100": [-0.00034599006175994873], "nominal_capacity_by_median": [1.0825042]}, "metadata": {"barcode": "el150800460449", "protocol": "2017-06-30_tests\\20170630-4C_4per_4_85C.sdu", "channel_id": 29, "parameters": {"init_pred_cycle": 10, "mid_pred_cycle": 91, "final_pred_cycle": 100, "n_nominal_cycles": 40}}, "@version": "2021.1.11.15"}