{"@module": "beep.featurize", "@class": "DeltaQFastCharge", "name": "/mnt/c/Users/sjrt1/Documents/School/Winter2021/DATA451/FastCharge/data-share/features/DeltaQFastCharge/FastCharge_000040_CH32_features_DeltaQFastCharge.json", "X": {"discharge_capacity_cycle_2": [1.0695118000000001], "max_discharge_capacity_difference": [0.8730292], "discharge_capacity_cycle_100": [1.0787749], "integrated_time_temperature_cycles_1:100": [225224.7477335612], "charge_time_cycles_1:5": [588.7999877929688], "abs_min_discharge_capacity_difference_cycles_2:100": [-1.3864460118086603], "abs_mean_discharge_capacity_difference_cycles_2:100": [-1.7310602879010786], "abs_variance_discharge_capacity_difference_cycles_2:100": [-3.5254213031588963], "abs_skew_discharge_capacity_difference_cycles_2:100": [-1.6612066248775221], "abs_kurtosis_discharge_capacity_difference_cycles_2:100": [0.2579709294123992], "abs_first_discharge_capacity_difference_cycles_2:100": [-1.4304180456864304], "max_temperature_cycles_1:100": [35.575103759765625], "min_temperature_cycles_1:100": [29.430503845214844], "slope_discharge_capacity_cycle_number_2:100": [1.8980369820642837e-05], "intercept_discharge_capacity_cycle_number_2:100": [1.0781792754483612], "slope_discharge_capacity_cycle_number_91:100": [-5.25812121212118e-05], "intercept_discharge_capacity_cycle_number_91:100": [1.0838403345454546], "min_internal_resistance_cycles_2:100": [0.01741701364517212], "internal_resistance_cycle_2": [0.0177596602588892], "internal_resistance_difference_cycles_2:100": [-0.00015282630920410156], "nominal_capacity_by_median": [1.0792587]}, "metadata": {"barcode": "el150800460608", "protocol": "2017-06-30_tests\\20170630-5_2C_37per_4_5C.sdu", "channel_id": 31, "parameters": {"init_pred_cycle": 10, "mid_pred_cycle": 91, "final_pred_cycle": 100, "n_nominal_cycles": 40}}, "@version": "2021.1.11.15"}