{"@module": "beep.featurize", "@class": "DeltaQFastCharge", "name": "/mnt/c/Users/sjrt1/Documents/School/Winter2021/DATA451/FastCharge/data-share/features/DeltaQFastCharge/FastCharge_000058_CH46_features_DeltaQFastCharge.json", "X": {"discharge_capacity_cycle_2": [1.0662935], "max_discharge_capacity_difference": [0.5998734999999997], "discharge_capacity_cycle_100": [1.0688429], "integrated_time_temperature_cycles_1:100": [215122.64817173334], "charge_time_cycles_1:5": [665.5999755859375], "abs_min_discharge_capacity_difference_cycles_2:100": [-1.3526501546639311], "abs_mean_discharge_capacity_difference_cycles_2:100": [-1.6853836419859227], "abs_variance_discharge_capacity_difference_cycles_2:100": [-3.4482603180961005], "abs_skew_discharge_capacity_difference_cycles_2:100": [-1.4370976893180964], "abs_kurtosis_discharge_capacity_difference_cycles_2:100": [0.27315124245828626], "abs_first_discharge_capacity_difference_cycles_2:100": [-1.4358896420078526], "max_temperature_cycles_1:100": [37.72516632080078], "min_temperature_cycles_1:100": [30.034326553344727], "slope_discharge_capacity_cycle_number_2:100": [-2.0409110698830745e-05], "intercept_discharge_capacity_cycle_number_2:100": [1.0715169696763551], "slope_discharge_capacity_cycle_number_91:100": [-3.818787878784473e-05], "intercept_discharge_capacity_cycle_number_91:100": [1.0726582745454507], "min_internal_resistance_cycles_2:100": [0.015904057770967484], "internal_resistance_cycle_2": [0.01612791419029236], "internal_resistance_difference_cycles_2:100": [0.00010975264012813568], "nominal_capacity_by_median": [1.0713599]}, "metadata": {"barcode": "EL150800460636", "protocol": "2017-05-12_TESTS\\20170512-8C-25PER_3_6C.SDU", "channel_id": 45, "parameters": {"init_pred_cycle": 10, "mid_pred_cycle": 91, "final_pred_cycle": 100, "n_nominal_cycles": 40}}, "@version": "2021.1.11.15"}