{"@module": "beep.featurize", "@class": "DeltaQFastCharge", "name": "/mnt/c/Users/sjrt1/Documents/School/Winter2021/DATA451/FastCharge/data-share/features/DeltaQFastCharge/FastCharge_000045_CH2_features_DeltaQFastCharge.json", "X": {"discharge_capacity_cycle_2": [1.0725228999999998], "max_discharge_capacity_difference": [0.6095681000000002], "discharge_capacity_cycle_100": [1.0806487], "integrated_time_temperature_cycles_1:100": [188133.18626708983], "charge_time_cycles_1:5": [768.0], "abs_min_discharge_capacity_difference_cycles_2:100": [-1.9930164840394233], "abs_mean_discharge_capacity_difference_cycles_2:100": [-2.394710431529255], "abs_variance_discharge_capacity_difference_cycles_2:100": [-4.884226947661323], "abs_skew_discharge_capacity_difference_cycles_2:100": [-1.6235161205155866], "abs_kurtosis_discharge_capacity_difference_cycles_2:100": [0.24369240449055826], "abs_first_discharge_capacity_difference_cycles_2:100": [-2.144150938410396], "max_temperature_cycles_1:100": [34.71226501464844], "min_temperature_cycles_1:100": [29.230636596679688], "slope_discharge_capacity_cycle_number_2:100": [1.1204235003089303e-05], "intercept_discharge_capacity_cycle_number_2:100": [1.080604781179138], "slope_discharge_capacity_cycle_number_91:100": [-3.3198787878766294e-05], "intercept_discharge_capacity_cycle_number_91:100": [1.0839882054545429], "min_internal_resistance_cycles_2:100": [0.01676417887210846], "internal_resistance_cycle_2": [0.017121972516179085], "internal_resistance_difference_cycles_2:100": [-0.00012544728815555573], "nominal_capacity_by_median": [1.081909]}, "metadata": {"barcode": "EL150800460486", "protocol": "2017-05-12_TESTS\\20170512-3_6C-80PER_3_6C.SDU", "channel_id": 1, "parameters": {"init_pred_cycle": 10, "mid_pred_cycle": 91, "final_pred_cycle": 100, "n_nominal_cycles": 40}}, "@version": "2021.1.11.15"}