{"@module": "beep.featurize", "@class": "DeltaQFastCharge", "name": "/mnt/c/Users/sjrt1/Documents/School/Winter2021/DATA451/FastCharge/data-share/features/DeltaQFastCharge/FastCharge_000026_CH5_features_DeltaQFastCharge.json", "X": {"discharge_capacity_cycle_2": [0.97206396], "max_discharge_capacity_difference": [0.12001434000000011], "discharge_capacity_cycle_100": [0.92675346], "integrated_time_temperature_cycles_1:100": [138138.18802897134], "charge_time_cycles_1:5": [716.7999877929688], "abs_min_discharge_capacity_difference_cycles_2:100": [-1.025631037661258], "abs_mean_discharge_capacity_difference_cycles_2:100": [-1.3469740117045048], "abs_variance_discharge_capacity_difference_cycles_2:100": [-2.784136638731427], "abs_skew_discharge_capacity_difference_cycles_2:100": [-1.5227499797656887], "abs_kurtosis_discharge_capacity_difference_cycles_2:100": [0.27754699708348635], "abs_first_discharge_capacity_difference_cycles_2:100": [-1.1319227331257744], "max_temperature_cycles_1:100": [36.214054107666016], "min_temperature_cycles_1:100": [26.931636810302734], "slope_discharge_capacity_cycle_number_2:100": [-0.00045203267606679087], "intercept_discharge_capacity_cycle_number_2:100": [0.9697328637023289], "slope_discharge_capacity_cycle_number_91:100": [-0.0003773801212121105], "intercept_discharge_capacity_cycle_number_91:100": [0.9641276094545441], "min_internal_resistance_cycles_2:100": [0.016427576541900635], "internal_resistance_cycle_2": [0.01671152561903], "internal_resistance_difference_cycles_2:100": [0.0006714649498462677], "nominal_capacity_by_median": [0.960965485]}, "metadata": {"barcode": "EL150800464977", "protocol": "2017-05-12_TESTS\\20170512-4C-80PER_4C.SDU", "channel_id": 4, "parameters": {"init_pred_cycle": 10, "mid_pred_cycle": 91, "final_pred_cycle": 100, "n_nominal_cycles": 40}}, "@version": "2021.1.11.15"}