{"@module": "beep.featurize", "@class": "DeltaQFastCharge", "name": "/mnt/c/Users/sjrt1/Documents/School/Winter2021/DATA451/FastCharge/data-share/features/DeltaQFastCharge/FastCharge_000004_CH1_features_DeltaQFastCharge.json", "X": {"discharge_capacity_cycle_2": [1.0219246], "max_discharge_capacity_difference": [0.23452859999999998], "discharge_capacity_cycle_100": [1.0109721], "integrated_time_temperature_cycles_1:100": [163310.06686197917], "charge_time_cycles_1:5": [819.2000122070312], "abs_min_discharge_capacity_difference_cycles_2:100": [-1.086544680746861], "abs_mean_discharge_capacity_difference_cycles_2:100": [-1.461115527506544], "abs_variance_discharge_capacity_difference_cycles_2:100": [-2.992572181623321], "abs_skew_discharge_capacity_difference_cycles_2:100": [-0.8407063549646953], "abs_kurtosis_discharge_capacity_difference_cycles_2:100": [0.21530447744706321], "abs_first_discharge_capacity_difference_cycles_2:100": [-1.3851931292279613], "max_temperature_cycles_1:100": [37.95610427856445], "min_temperature_cycles_1:100": [27.342607498168945], "slope_discharge_capacity_cycle_number_2:100": [-0.00013854591218305732], "intercept_discharge_capacity_cycle_number_2:100": [1.0243455137909705], "slope_discharge_capacity_cycle_number_91:100": [-0.00010724727272724762], "intercept_discharge_capacity_cycle_number_91:100": [1.0215771872727246], "min_internal_resistance_cycles_2:100": [0.01666947454214096], "internal_resistance_cycle_2": [0.01709946058690548], "internal_resistance_difference_cycles_2:100": [0.00016632117331027985], "nominal_capacity_by_median": [1.02197645]}, "metadata": {"barcode": "EL150800460514", "protocol": "2017-05-12_TESTS\\20170512-3_6C-80PER_3_6C.SDU", "channel_id": 0, "parameters": {"init_pred_cycle": 10, "mid_pred_cycle": 91, "final_pred_cycle": 100, "n_nominal_cycles": 40}}, "@version": "2021.1.11.15"}