{"@module": "beep.featurize", "@class": "DeltaQFastCharge", "name": "/mnt/c/Users/sjrt1/Documents/School/Winter2021/DATA451/FastCharge/data-share/features/DeltaQFastCharge/FastCharge_000071_CH40_features_DeltaQFastCharge.json", "X": {"discharge_capacity_cycle_2": [1.0743777], "max_discharge_capacity_difference": [0.8883315], "discharge_capacity_cycle_100": [1.0861666], "integrated_time_temperature_cycles_1:100": [228614.76012369792], "charge_time_cycles_1:5": [614.4000244140625], "abs_min_discharge_capacity_difference_cycles_2:100": [-1.250445968607848], "abs_mean_discharge_capacity_difference_cycles_2:100": [-1.5553084044647012], "abs_variance_discharge_capacity_difference_cycles_2:100": [-3.192149080428869], "abs_skew_discharge_capacity_difference_cycles_2:100": [-1.0607823557965435], "abs_kurtosis_discharge_capacity_difference_cycles_2:100": [0.2868825279508494], "abs_first_discharge_capacity_difference_cycles_2:100": [-1.298014674936097], "max_temperature_cycles_1:100": [36.85830307006836], "min_temperature_cycles_1:100": [29.399005889892578], "slope_discharge_capacity_cycle_number_2:100": [3.860114780457389e-05], "intercept_discharge_capacity_cycle_number_2:100": [1.0838587961451243], "slope_discharge_capacity_cycle_number_91:100": [-4.555030303029893e-05], "intercept_discharge_capacity_cycle_number_91:100": [1.090637263636363], "min_internal_resistance_cycles_2:100": [0.01788211427628994], "internal_resistance_cycle_2": [0.01817885786294937], "internal_resistance_difference_cycles_2:100": [6.786175072193146e-05], "nominal_capacity_by_median": [1.085482]}, "metadata": {"barcode": "el150800460627", "protocol": "2017-06-30_tests\\20170630-5_6C_58per_3_5C.sdu", "channel_id": 39, "parameters": {"init_pred_cycle": 10, "mid_pred_cycle": 91, "final_pred_cycle": 100, "n_nominal_cycles": 40}}, "@version": "2021.1.11.15"}