{"@module": "beep.featurize", "@class": "DeltaQFastCharge", "name": "/mnt/c/Users/sjrt1/Documents/School/Winter2021/DATA451/FastCharge/data-share/features/DeltaQFastCharge/FastCharge_000044_CH12_features_DeltaQFastCharge.json", "X": {"discharge_capacity_cycle_2": [1.0800718999999999], "max_discharge_capacity_difference": [0.6066525], "discharge_capacity_cycle_100": [1.0769062], "integrated_time_temperature_cycles_1:100": [184036.17610677084], "charge_time_cycles_1:5": [512.0], "abs_min_discharge_capacity_difference_cycles_2:100": [-1.1754895778566365], "abs_mean_discharge_capacity_difference_cycles_2:100": [-1.476568693532713], "abs_variance_discharge_capacity_difference_cycles_2:100": [-3.0505578799252104], "abs_skew_discharge_capacity_difference_cycles_2:100": [-0.9357848660093677], "abs_kurtosis_discharge_capacity_difference_cycles_2:100": [0.28009463232358506], "abs_first_discharge_capacity_difference_cycles_2:100": [-1.2972087565539472], "max_temperature_cycles_1:100": [37.61555862426758], "min_temperature_cycles_1:100": [29.94864273071289], "slope_discharge_capacity_cycle_number_2:100": [-7.707887322201814e-05], "intercept_discharge_capacity_cycle_number_2:100": [1.0861142072974643], "slope_discharge_capacity_cycle_number_91:100": [-0.00015791454545456795], "intercept_discharge_capacity_cycle_number_91:100": [1.0925429545454564], "min_internal_resistance_cycles_2:100": [0.014894895255565643], "internal_resistance_cycle_2": [0.015499363653361797], "internal_resistance_difference_cycles_2:100": [-0.0003557289019227028], "nominal_capacity_by_median": [1.0846494]}, "metadata": {"barcode": "EL150800463871", "protocol": "2017-05-12_TESTS\\20170512-5_4C-80PER_5_4C.SDU", "channel_id": 11, "parameters": {"init_pred_cycle": 10, "mid_pred_cycle": 91, "final_pred_cycle": 100, "n_nominal_cycles": 40}}, "@version": "2021.1.11.15"}