{"@module": "beep.featurize", "@class": "DeltaQFastCharge", "name": "/mnt/c/Users/sjrt1/Documents/School/Winter2021/DATA451/FastCharge/data-share/features/DeltaQFastCharge/FastCharge_000015_CH4_features_DeltaQFastCharge.json", "X": {"discharge_capacity_cycle_2": [1.0581568000000001], "max_discharge_capacity_difference": [0.4933074999999998], "discharge_capacity_cycle_100": [1.0618566999999999], "integrated_time_temperature_cycles_1:100": [213810.38178304033], "charge_time_cycles_1:5": [614.4000244140625], "abs_min_discharge_capacity_difference_cycles_2:100": [-1.6680862792516282], "abs_mean_discharge_capacity_difference_cycles_2:100": [-2.0437964906355255], "abs_variance_discharge_capacity_difference_cycles_2:100": [-4.102177645955466], "abs_skew_discharge_capacity_difference_cycles_2:100": [-0.7788866008015337], "abs_kurtosis_discharge_capacity_difference_cycles_2:100": [0.23530914796407376], "abs_first_discharge_capacity_difference_cycles_2:100": [-1.7234330710071932], "max_temperature_cycles_1:100": [38.35811233520508], "min_temperature_cycles_1:100": [30.6580753326416], "slope_discharge_capacity_cycle_number_2:100": [-3.989163883741555e-06], "intercept_discharge_capacity_cycle_number_2:100": [1.063162476376005], "slope_discharge_capacity_cycle_number_91:100": [-4.713878787880314e-05], "intercept_discharge_capacity_cycle_number_91:100": [1.0665357254545467], "min_internal_resistance_cycles_2:100": [0.015254970639944077], "internal_resistance_cycle_2": [0.015553804114460945], "internal_resistance_difference_cycles_2:100": [-0.00023012887686491013], "nominal_capacity_by_median": [1.0636787499999998]}, "metadata": {"barcode": "el150800737390", "protocol": "2018-04-12_batch8\\20180412-5_6C_19per_4_6C_newstructure.sdu", "channel_id": 3, "parameters": {"init_pred_cycle": 10, "mid_pred_cycle": 91, "final_pred_cycle": 100, "n_nominal_cycles": 40}}, "@version": "2021.1.11.15"}