{"@module": "beep.featurize", "@class": "DeltaQFastCharge", "name": "/mnt/c/Users/sjrt1/Documents/School/Winter2021/DATA451/FastCharge/data-share/features/DeltaQFastCharge/FastCharge_000012_CH29_features_DeltaQFastCharge.json", "X": {"discharge_capacity_cycle_2": [1.0706265], "max_discharge_capacity_difference": [0.492043], "discharge_capacity_cycle_100": [1.0709301000000002], "integrated_time_temperature_cycles_1:100": [157710.76396062074], "charge_time_cycles_1:5": [640.0], "abs_min_discharge_capacity_difference_cycles_2:100": [-1.606282669016681], "abs_mean_discharge_capacity_difference_cycles_2:100": [-1.9630327799927405], "abs_variance_discharge_capacity_difference_cycles_2:100": [-3.9356850079512653], "abs_skew_discharge_capacity_difference_cycles_2:100": [-0.845651783489427], "abs_kurtosis_discharge_capacity_difference_cycles_2:100": [0.2609737263144783], "abs_first_discharge_capacity_difference_cycles_2:100": [-1.6679302018254942], "max_temperature_cycles_1:100": [38.401493072509766], "min_temperature_cycles_1:100": [31.7698917388916], "slope_discharge_capacity_cycle_number_2:100": [-2.726837353122549e-05], "intercept_discharge_capacity_cycle_number_2:100": [1.074081933828076], "slope_discharge_capacity_cycle_number_91:100": [-8.328909090907375e-05], "intercept_discharge_capacity_cycle_number_91:100": [1.0791120690909068], "min_internal_resistance_cycles_2:100": [0.015178322792053223], "internal_resistance_cycle_2": [0.015604726038873196], "internal_resistance_difference_cycles_2:100": [-8.557364344596863e-05], "nominal_capacity_by_median": [1.07376555]}, "metadata": {"barcode": "el150800737275", "protocol": "2018-04-12_batch8\\20180412-5_6C_36per_4_3C_newstructure.sdu", "channel_id": 28, "parameters": {"init_pred_cycle": 10, "mid_pred_cycle": 91, "final_pred_cycle": 100, "n_nominal_cycles": 40}}, "@version": "2021.1.11.15"}