{"@module": "beep.featurize", "@class": "DeltaQFastCharge", "name": "/mnt/c/Users/sjrt1/Documents/School/Winter2021/DATA451/FastCharge/data-share/features/DeltaQFastCharge/FastCharge_000009_CH8_features_DeltaQFastCharge.json", "X": {"discharge_capacity_cycle_2": [1.0733846000000002], "max_discharge_capacity_difference": [0.8894098999999998], "discharge_capacity_cycle_100": [1.0771812], "integrated_time_temperature_cycles_1:100": [226181.28459879558], "charge_time_cycles_1:5": [563.2000122070312], "abs_min_discharge_capacity_difference_cycles_2:100": [-1.17668065261557], "abs_mean_discharge_capacity_difference_cycles_2:100": [-1.4772184262033203], "abs_variance_discharge_capacity_difference_cycles_2:100": [-3.0361200608785697], "abs_skew_discharge_capacity_difference_cycles_2:100": [-1.0483552965446], "abs_kurtosis_discharge_capacity_difference_cycles_2:100": [0.2880978864972806], "abs_first_discharge_capacity_difference_cycles_2:100": [-1.2343612173507135], "max_temperature_cycles_1:100": [36.58507537841797], "min_temperature_cycles_1:100": [29.097335815429688], "slope_discharge_capacity_cycle_number_2:100": [-3.050758070500849e-05], "intercept_discharge_capacity_cycle_number_2:100": [1.0821597537827248], "slope_discharge_capacity_cycle_number_91:100": [-0.00012195636363634639], "intercept_discharge_capacity_cycle_number_91:100": [1.0895072363636342], "min_internal_resistance_cycles_2:100": [0.017301281914114952], "internal_resistance_cycle_2": [0.018069028854370117], "internal_resistance_difference_cycles_2:100": [-0.0007234122604131699], "nominal_capacity_by_median": [1.08201585]}, "metadata": {"barcode": "el150800460596", "protocol": "2017-06-30_tests\\20170630-4_8C_80per_4_8C.sdu", "channel_id": 7, "parameters": {"init_pred_cycle": 10, "mid_pred_cycle": 91, "final_pred_cycle": 100, "n_nominal_cycles": 40}}, "@version": "2021.1.11.15"}