{"@module": "beep.featurize", "@class": "DeltaQFastCharge", "name": "/mnt/c/Users/sjrt1/Documents/School/Winter2021/DATA451/FastCharge/data-share/features/DeltaQFastCharge/FastCharge_000041_CH10_features_DeltaQFastCharge.json", "X": {"discharge_capacity_cycle_2": [1.06918], "max_discharge_capacity_difference": [0.8851966], "discharge_capacity_cycle_100": [0.96991605], "integrated_time_temperature_cycles_1:100": [222735.2398071289], "charge_time_cycles_1:5": [614.4000244140625], "abs_min_discharge_capacity_difference_cycles_2:100": [-0.7348435825736505], "abs_mean_discharge_capacity_difference_cycles_2:100": [-1.1053494165432638], "abs_variance_discharge_capacity_difference_cycles_2:100": [-2.2213311478524194], "abs_skew_discharge_capacity_difference_cycles_2:100": [-0.8332686628944144], "abs_kurtosis_discharge_capacity_difference_cycles_2:100": [0.2565968571501843], "abs_first_discharge_capacity_difference_cycles_2:100": [-0.9555498850213983], "max_temperature_cycles_1:100": [38.5433235168457], "min_temperature_cycles_1:100": [27.85192108154297], "slope_discharge_capacity_cycle_number_2:100": [-0.0010792954789115687], "intercept_discharge_capacity_cycle_number_2:100": [1.0836943592991135], "slope_discharge_capacity_cycle_number_91:100": [-0.0013609268484848275], "intercept_discharge_capacity_cycle_number_91:100": [1.1050065801818159], "min_internal_resistance_cycles_2:100": [0.0162673182785511], "internal_resistance_cycle_2": [0.017852231860160828], "internal_resistance_difference_cycles_2:100": [-0.0009825360029935837], "nominal_capacity_by_median": [1.0628421000000001]}, "metadata": {"barcode": "el150800460605", "protocol": "2017-06-30_tests\\20170629-2C_10per_6C.sdu", "channel_id": 9, "parameters": {"init_pred_cycle": 10, "mid_pred_cycle": 91, "final_pred_cycle": 100, "n_nominal_cycles": 40}}, "@version": "2021.1.11.15"}