{"@module": "beep.featurize", "@class": "DeltaQFastCharge", "name": "/mnt/c/Users/sjrt1/Documents/School/Winter2021/DATA451/FastCharge/data-share/features/DeltaQFastCharge/FastCharge_000026_CH6_features_DeltaQFastCharge.json", "X": {"discharge_capacity_cycle_2": [1.0074891], "max_discharge_capacity_difference": [0.6679786000000001], "discharge_capacity_cycle_100": [1.0059844], "integrated_time_temperature_cycles_1:100": [156328.04351806644], "charge_time_cycles_1:5": [742.4000244140625], "abs_min_discharge_capacity_difference_cycles_2:100": [-1.587781288618624], "abs_mean_discharge_capacity_difference_cycles_2:100": [-2.071621669091058], "abs_variance_discharge_capacity_difference_cycles_2:100": [-3.9942663975312973], "abs_skew_discharge_capacity_difference_cycles_2:100": [-0.4594284713147459], "abs_kurtosis_discharge_capacity_difference_cycles_2:100": [0.20808960510456312], "abs_first_discharge_capacity_difference_cycles_2:100": [-1.7805575618428728], "max_temperature_cycles_1:100": [36.0672492980957], "min_temperature_cycles_1:100": [28.333675384521484], "slope_discharge_capacity_cycle_number_2:100": [-6.313928880643547e-05], "intercept_discharge_capacity_cycle_number_2:100": [1.0134240816120386], "slope_discharge_capacity_cycle_number_91:100": [-6.512727272727962e-05], "intercept_discharge_capacity_cycle_number_91:100": [1.0124779272727278], "min_internal_resistance_cycles_2:100": [0.016947250813245773], "internal_resistance_cycle_2": [0.01727810502052307], "internal_resistance_difference_cycles_2:100": [-5.55235892534256e-05], "nominal_capacity_by_median": [1.0122917]}, "metadata": {"barcode": "EL150800464865", "protocol": "2017-05-12_TESTS\\20170512-4C-80PER_4C.SDU", "channel_id": 5, "parameters": {"init_pred_cycle": 10, "mid_pred_cycle": 91, "final_pred_cycle": 100, "n_nominal_cycles": 40}}, "@version": "2021.1.11.15"}